fecha,indicativo,nombre,provincia,altitud,tmed,prec,tmin,tmax,sol
"2020-01-01,8416,VALÈNCIA,VALENCIA,11,""10,4"",""0,0"",""5,7"",""15,1"",""7,5"""
"2020-01-02,8416,VALÈNCIA,VALENCIA,11,""11,4"",""0,0"",""7,3"",""15,6"",""6,9"""
"2020-01-03,8416,VALÈNCIA,VALENCIA,11,""9,2"",""0,0"",""4,7"",""13,7"",""7,2"""
"2020-01-04,8416,VALÈNCIA,VALENCIA,11,""10,3"",""0,0"",""5,4"",""15,2"",""8,7"""
"2020-01-05,8416,VALÈNCIA,VALENCIA,11,""11,2"",""0,0"",""4,0"",""18,5"",""8,5"""
"2020-01-06,8416,VALÈNCIA,VALENCIA,11,""10,7"",""0,0"",""5,3"",""16,1"",""8,6"""
"2020-01-07,8416,VALÈNCIA,VALENCIA,11,""10,4"",""0,0"",""4,8"",""16,0"",""8,3"""
"2020-01-08,8416,VALÈNCIA,VALENCIA,11,""9,8"",""0,0"",""4,2"",""15,5"",""3,7"""
"2020-01-09,8416,VALÈNCIA,VALENCIA,11,""11,0"",""0,0"",""6,0"",""16,0"",""8,4"""
"2020-01-10,8416,VALÈNCIA,VALENCIA,11,""11,9"",""0,0"",""7,0"",""16,8"",""4,5"""
"2020-01-11,8416,VALÈNCIA,VALENCIA,11,""11,1"",""0,0"",""5,3"",""16,9"",""8,8"""
"2020-01-12,8416,VALÈNCIA,VALENCIA,11,""10,0"",""0,0"",""4,3"",""15,7"",""8,8"""
"2020-01-13,8416,VALÈNCIA,VALENCIA,11,""9,9"",""0,0"",""2,6"",""17,2"",""6,8"""
"2020-01-14,8416,VALÈNCIA,VALENCIA,11,""9,8"",""0,0"",""2,6"",""16,9"",""8,7"""
"2020-01-15,8416,VALÈNCIA,VALENCIA,11,""10,8"",""0,0"",""3,4"",""18,1"",""7,2"""
"2020-01-16,8416,VALÈNCIA,VALENCIA,11,""12,0"",""0,0"",""5,2"",""18,8"",""8,7"""
"2020-01-17,8416,VALÈNCIA,VALENCIA,11,""13,4"",""0,0"",""7,9"",""19,0"",""5,0"""
"2020-01-18,8416,VALÈNCIA,VALENCIA,11,""13,2"",""2,4"",""7,7"",""18,8"",""4,0"""
"2020-01-19,8416,VALÈNCIA,VALENCIA,11,""9,6"",""38,2"",""9,5"",""9,6"",""0,0"""
"2020-01-20,8416,VALÈNCIA,VALENCIA,11,""7,1"",""53,5"",""5,0"",""9,2"",""0,0"""
"2020-01-21,8416,VALÈNCIA,VALENCIA,11,""9,8"",""35,3"",""6,6"",""13,1"",""0,0"""
"2020-01-22,8416,VALÈNCIA,VALENCIA,11,""12,0"",""9,9"",""9,7"",""14,3"",""0,0"""
"2020-01-23,8416,VALÈNCIA,VALENCIA,11,""9,9"",Ip,""5,4"",""14,4"",""3,7"""
"2020-01-24,8416,VALÈNCIA,VALENCIA,11,""12,0"",""0,0"",""8,0"",""16,0"",""0,6"""
"2020-01-25,8416,VALÈNCIA,VALENCIA,11,""12,2"",""0,0"",""10,3"",""14,2"",""0,6"""
"2020-01-26,8416,VALÈNCIA,VALENCIA,11,""13,8"",""0,0"",""9,8"",""17,8"",""6,2"""
"2020-01-27,8416,VALÈNCIA,VALENCIA,11,""13,0"",""0,0"",""7,6"",""18,4"",""7,6"""
"2020-01-28,8416,VALÈNCIA,VALENCIA,11,""15,8"",""0,0"",""13,8"",""17,9"",""0,4"""
"2020-01-29,8416,VALÈNCIA,VALENCIA,11,""18,6"",""0,0"",""14,7"",""22,4"",""2,4"""
"2020-01-30,8416,VALÈNCIA,VALENCIA,11,""17,6"",""0,0"",""13,0"",""22,2"",""5,3"""
"2020-01-31,8416,VALÈNCIA,VALENCIA,11,""19,1"",""0,0"",""14,5"",""23,7"",""9,2"""
"2020-02-01,8416,VALÈNCIA,VALENCIA,11,""20,4"",""0,0"",""13,8"",""27,1"",""7,0"""
"2020-02-02,8416,VALÈNCIA,VALENCIA,11,""19,4"",""0,0"",""14,0"",""24,9"",""7,0"""
"2020-02-03,8416,VALÈNCIA,VALENCIA,11,""19,4"",""0,0"",""13,2"",""25,6"",""8,5"""
"2020-02-04,8416,VALÈNCIA,VALENCIA,11,""19,9"",""0,0"",""12,7"",""27,1"",""9,2"""
"2020-02-05,8416,VALÈNCIA,VALENCIA,11,""14,0"",""0,2"",""12,0"",""16,1"",""5,6"""
"2020-02-06,8416,VALÈNCIA,VALENCIA,11,""11,8"",""0,1"",""7,5"",""16,2"",""7,8"""
"2020-02-07,8416,VALÈNCIA,VALENCIA,11,""13,2"",""0,0"",""8,3"",""18,1"",""0,0"""
"2020-02-08,8416,VALÈNCIA,VALENCIA,11,""12,4"",""0,0"",""6,8"",""18,1"",""7,3"""
"2020-02-09,8416,VALÈNCIA,VALENCIA,11,""13,0"",""0,0"",""8,1"",""18,0"",""7,9"""
"2020-02-10,8416,VALÈNCIA,VALENCIA,11,""17,2"",""0,0"",""9,6"",""24,9"",""9,7"""
"2020-02-11,8416,VALÈNCIA,VALENCIA,11,""19,2"",""0,0"",""13,5"",""25,0"",""9,4"""
"2020-02-12,8416,VALÈNCIA,VALENCIA,11,""15,4"",""0,0"",""11,8"",""18,9"",""3,6"""
"2020-02-13,8416,VALÈNCIA,VALENCIA,11,""14,8"",""0,0"",""10,6"",""19,0"",""8,5"""
"2020-02-14,8416,VALÈNCIA,VALENCIA,11,""16,9"",""0,0"",""11,0"",""22,8"",""9,6"""
"2020-02-15,8416,VALÈNCIA,VALENCIA,11,""13,4"",""0,0"",""8,1"",""18,7"",""9,3"""
"2020-02-16,8416,VALÈNCIA,VALENCIA,11,""13,6"",""0,0"",""10,0"",""17,2"",""7,5"""
"2020-02-17,8416,VALÈNCIA,VALENCIA,11,""14,6"",""0,0"",""9,5"",""19,7"",""8,8"""
"2020-02-18,8416,VALÈNCIA,VALENCIA,11,""14,0"",""1,2"",""13,1"",""15,0"",""0,0"""
"2020-02-19,8416,VALÈNCIA,VALENCIA,11,""14,0"",""0,1"",""11,4"",""16,5"",""5,9"""
"2020-02-20,8416,VALÈNCIA,VALENCIA,11,""12,8"",""0,0"",""7,7"",""17,9"",""9,8"""
"2020-02-21,8416,VALÈNCIA,VALENCIA,11,""12,6"",""0,0"",""7,6"",""17,5"",""9,6"""
"2020-02-22,8416,VALÈNCIA,VALENCIA,11,""12,4"",""0,0"",""6,4"",""18,5"",""9,4"""
"2020-02-23,8416,VALÈNCIA,VALENCIA,11,""13,8"",""0,0"",""7,2"",""20,4"",""10,1"""
"2020-02-24,8416,VALÈNCIA,VALENCIA,11,""15,0"",""0,0"",""8,3"",""21,6"",""10,0"""
"2020-02-25,8416,VALÈNCIA,VALENCIA,11,""17,8"",""0,0"",""9,3"",""26,2"",""5,2"""
"2020-02-26,8416,VALÈNCIA,VALENCIA,11,""16,8"",""0,0"",""10,3"",""23,3"",""9,4"""
"2020-02-27,8416,VALÈNCIA,VALENCIA,11,""17,2"",""0,0"",""8,8"",""25,5"",""9,9"""
"2020-02-28,8416,VALÈNCIA,VALENCIA,11,""18,6"",""0,0"",""13,4"",""23,9"",""7,8"""
"2020-02-29,8416,VALÈNCIA,VALENCIA,11,""17,2"",""0,0"",""10,7"",""23,8"",""5,0"""
"2020-03-01,8416,VALÈNCIA,VALENCIA,11,""18,8"",""0,0"",""14,9"",""22,7"",""7,6"""
"2020-03-02,8416,VALÈNCIA,VALENCIA,11,""19,0"",Ip,""16,4"",""21,5"",""8,0"""
"2020-03-03,8416,VALÈNCIA,VALENCIA,11,""15,6"",""0,0"",""10,5"",""20,7"",""6,5"""
"2020-03-04,8416,VALÈNCIA,VALENCIA,11,""20,4"",""0,0"",""15,4"",""25,5"",""8,2"""
"2020-03-05,8416,VALÈNCIA,VALENCIA,11,""19,4"",""0,0"",""15,9"",""23,0"",""6,0"""
"2020-03-06,8416,VALÈNCIA,VALENCIA,11,""16,5"",""0,0"",""12,2"",""20,8"",""7,5"""
"2020-03-07,8416,VALÈNCIA,VALENCIA,11,""15,5"",""0,0"",""10,4"",""20,6"",""5,5"""
"2020-03-08,8416,VALÈNCIA,VALENCIA,11,""15,5"",""0,0"",""10,0"",""21,0"",""9,2"""
"2020-03-09,8416,VALÈNCIA,VALENCIA,11,""16,7"",""0,0"",""10,0"",""23,4"",""6,0"""
"2020-03-10,8416,VALÈNCIA,VALENCIA,11,""15,0"",""0,0"",""11,4"",""18,6"",""4,7"""
"2020-03-11,8416,VALÈNCIA,VALENCIA,11,""17,0"",""0,0"",""11,2"",""22,9"",""9,7"""
"2020-03-12,8416,VALÈNCIA,VALENCIA,11,""15,2"",""0,0"",""10,9"",""19,5"",""9,5"""
"2020-03-13,8416,VALÈNCIA,VALENCIA,11,""15,8"",""0,0"",""12,2"",""19,4"",""7,1"""
"2020-03-14,8416,VALÈNCIA,VALENCIA,11,""15,0"",""0,0"",""11,0"",""19,0"",""9,6"""
"2020-03-15,8416,VALÈNCIA,VALENCIA,11,""15,6"",""1,0"",""12,5"",""18,6"",""4,0"""
"2020-03-16,8416,VALÈNCIA,VALENCIA,11,""14,8"",""13,0"",""14,3"",""15,2"",""0,0"""
"2020-03-17,8416,VALÈNCIA,VALENCIA,11,""12,3"",""5,3"",""10,0"",""14,6"",""0,0"""
"2020-03-18,8416,VALÈNCIA,VALENCIA,11,""14,8"",""0,0"",""12,0"",""17,5"",""5,8"""
"2020-03-19,8416,VALÈNCIA,VALENCIA,11,""14,4"",""0,0"",""11,8"",""16,9"",""3,3"""
"2020-03-20,8416,VALÈNCIA,VALENCIA,11,""14,5"",""0,5"",""12,6"",""16,4"",""2,1"""
"2020-03-21,8416,VALÈNCIA,VALENCIA,11,""12,9"",""6,4"",""10,6"",""15,2"",""0,0"""
"2020-03-22,8416,VALÈNCIA,VALENCIA,11,""14,1"",""4,0"",""11,1"",""17,1"",""2,7"""
"2020-03-23,8416,VALÈNCIA,VALENCIA,11,""14,7"",""2,0"",""11,8"",""17,6"",""1,8"""
"2020-03-24,8416,VALÈNCIA,VALENCIA,11,""13,7"",""0,8"",""12,5"",""14,9"",""1,3"""
"2020-03-25,8416,VALÈNCIA,VALENCIA,11,""10,2"",""0,5"",""9,5"",""10,8"",""0,0"""
"2020-03-26,8416,VALÈNCIA,VALENCIA,11,""12,4"",""0,5"",""6,8"",""18,0"",""6,5"""
"2020-03-27,8416,VALÈNCIA,VALENCIA,11,""9,6"",""3,2"",""7,0"",""12,2"",""0,0"""
"2020-03-28,8416,VALÈNCIA,VALENCIA,11,""11,6"",""0,0"",""5,5"",""17,7"",""9,0"""
"2020-03-29,8416,VALÈNCIA,VALENCIA,11,""14,7"",""0,0"",""7,1"",""22,3"",""9,7"""
"2020-03-30,8416,VALÈNCIA,VALENCIA,11,""12,6"",""6,6"",""9,7"",""15,4"",""1,4"""
"2020-03-31,8416,VALÈNCIA,VALENCIA,11,""10,8"",""9,6"",""7,0"",""14,6"",""1,3"""
"2020-04-01,8416,VALÈNCIA,VALENCIA,11,""14,1"",""0,2"",""7,8"",""20,4"",""6,1"""
"2020-04-02,8416,VALÈNCIA,VALENCIA,11,""13,9"",""1,0"",""11,8"",""16,0"",""2,4"""
"2020-04-03,8416,VALÈNCIA,VALENCIA,11,""14,0"",""0,0"",""9,4"",""18,6"",""9,3"""
"2020-04-04,8416,VALÈNCIA,VALENCIA,11,""13,0"",""0,0"",""8,8"",""17,2"",""9,3"""
"2020-04-05,8416,VALÈNCIA,VALENCIA,11,""13,5"",""0,0"",""9,4"",""17,6"",""6,7"""
"2020-04-06,8416,VALÈNCIA,VALENCIA,11,""14,5"",""0,0"",""11,0"",""18,0"",""3,5"""
"2020-04-07,8416,VALÈNCIA,VALENCIA,11,""15,8"",Ip,""12,0"",""19,5"",""4,2"""
"2020-04-08,8416,VALÈNCIA,VALENCIA,11,""15,2"",""0,0"",""11,0"",""19,4"",""10,7"""
"2020-04-09,8416,VALÈNCIA,VALENCIA,11,""14,7"",""0,0"",""10,1"",""19,3"",""6,9"""
"2020-04-10,8416,VALÈNCIA,VALENCIA,11,""15,2"",Ip,""10,6"",""19,7"",""0,0"""
"2020-04-11,8416,VALÈNCIA,VALENCIA,11,""17,4"",""0,0"",""13,4"",""21,4"",""7,8"""
"2020-04-12,8416,VALÈNCIA,VALENCIA,11,""16,2"",""0,2"",""11,8"",""20,5"",""8,6"""
"2020-04-13,8416,VALÈNCIA,VALENCIA,11,""16,0"",""3,5"",""12,2"",""19,7"",""8,3"""
"2020-04-14,8416,VALÈNCIA,VALENCIA,11,""16,5"",""2,2"",""14,0"",""19,0"",""5,6"""
"2020-04-15,8416,VALÈNCIA,VALENCIA,11,""15,0"",""16,8"",""14,0"",""16,0"",""0,0"""
"2020-04-16,8416,VALÈNCIA,VALENCIA,11,""16,0"",""0,0"",""11,8"",""20,1"",""9,0"""
"2020-04-17,8416,VALÈNCIA,VALENCIA,11,""16,6"",Ip,""13,0"",""20,1"",""1,8"""
"2020-04-18,8416,VALÈNCIA,VALENCIA,11,""16,8"",""3,2"",""13,0"",""20,6"",""3,5"""
"2020-04-19,8416,VALÈNCIA,VALENCIA,11,""15,6"",""5,2"",""13,6"",""17,6"",""1,2"""
"2020-04-20,8416,VALÈNCIA,VALENCIA,11,""20,1"",""0,0"",""13,8"",""26,4"",""6,9"""
"2020-04-21,8416,VALÈNCIA,VALENCIA,11,""15,2"",""17,4"",""14,7"",""15,7"",""0,0"""
"2020-04-22,8416,VALÈNCIA,VALENCIA,11,""17,1"",Ip,""12,8"",""21,4"",""3,1"""
"2020-04-23,8416,VALÈNCIA,VALENCIA,11,""17,6"",""0,0"",""14,3"",""21,0"",""7,4"""
"2020-04-24,8416,VALÈNCIA,VALENCIA,11,""16,7"",""0,0"",""12,8"",""20,6"",""11,0"""
"2020-04-25,8416,VALÈNCIA,VALENCIA,11,""16,7"",""0,0"",""12,3"",""21,1"",""8,4"""
"2020-04-26,8416,VALÈNCIA,VALENCIA,11,""16,4"",""0,2"",""12,6"",""20,3"",""8,8"""
"2020-04-27,8416,VALÈNCIA,VALENCIA,11,""20,2"",""0,0"",""14,1"",""26,3"",""6,0"""
"2020-04-28,8416,VALÈNCIA,VALENCIA,11,""19,4"",""0,0"",""14,1"",""24,8"",""10,4"""
"2020-04-29,8416,VALÈNCIA,VALENCIA,11,""20,6"",""0,0"",""14,0"",""27,2"",""11,5"""
"2020-04-30,8416,VALÈNCIA,VALENCIA,11,""21,2"",""0,0"",""15,3"",""27,0"",""8,0"""
"2020-05-01,8416,VALÈNCIA,VALENCIA,11,""24,4"",""0,0"",""17,4"",""31,4"",""12,4"""
"2020-05-02,8416,VALÈNCIA,VALENCIA,11,""26,5"",""0,0"",""20,0"",""33,0"",""12,2"""
"2020-05-03,8416,VALÈNCIA,VALENCIA,11,""22,2"",""0,0"",""17,5"",""27,0"",""11,6"""
"2020-05-04,8416,VALÈNCIA,VALENCIA,11,""19,9"",""0,0"",""16,0"",""23,8"",""10,0"""
"2020-05-05,8416,VALÈNCIA,VALENCIA,11,""20,5"",""0,0"",""17,0"",""24,0"",""8,0"""
"2020-05-06,8416,VALÈNCIA,VALENCIA,11,""21,0"",""0,0"",""16,8"",""25,3"",""10,4"""
"2020-05-07,8416,VALÈNCIA,VALENCIA,11,""20,7"",""0,0"",""16,6"",""24,8"",""8,0"""
"2020-05-08,8416,VALÈNCIA,VALENCIA,11,""19,8"",""0,0"",""16,7"",""23,0"",""8,0"""
"2020-05-09,8416,VALÈNCIA,VALENCIA,11,""20,2"",""6,3"",""17,5"",""23,0"",""5,0"""
"2020-05-10,8416,VALÈNCIA,VALENCIA,11,""21,6"",""0,6"",""17,0"",""26,3"",""8,5"""
"2020-05-11,8416,VALÈNCIA,VALENCIA,11,""21,8"",""0,0"",""16,3"",""27,4"",""8,5"""
"2020-05-12,8416,VALÈNCIA,VALENCIA,11,""20,0"",""2,0"",""17,3"",""22,8"",""3,1"""
"2020-05-13,8416,VALÈNCIA,VALENCIA,11,""19,7"",""6,2"",""14,4"",""25,0"",""10,0"""
"2020-05-14,8416,VALÈNCIA,VALENCIA,11,""17,8"",""8,2"",""16,3"",""19,4"",""1,4"""
"2020-05-15,8416,VALÈNCIA,VALENCIA,11,""16,6"",""0,5"",""12,5"",""20,6"",""5,0"""
"2020-05-16,8416,VALÈNCIA,VALENCIA,11,""18,2"",""0,2"",""14,7"",""21,6"",""2,0"""
"2020-05-17,8416,VALÈNCIA,VALENCIA,11,""19,2"",""0,0"",""15,5"",""22,8"",""11,0"""
"2020-05-18,8416,VALÈNCIA,VALENCIA,11,""20,1"",""0,0"",""15,2"",""25,0"",""13,0"""
"2020-05-19,8416,VALÈNCIA,VALENCIA,11,""22,4"",""0,0"",""16,5"",""28,2"",""12,0"""
"2020-05-20,8416,VALÈNCIA,VALENCIA,11,""22,6"",""0,0"",""17,5"",""27,7"",""12,0"""
"2020-05-21,8416,VALÈNCIA,VALENCIA,11,""23,2"",""0,0"",""16,8"",""29,7"",""12,0"""
"2020-05-22,8416,VALÈNCIA,VALENCIA,11,""23,6"",""0,0"",""18,4"",""28,9"",""12,0"""
"2020-05-23,8416,VALÈNCIA,VALENCIA,11,""22,4"",""0,0"",""18,0"",""26,9"",""12,0"""
"2020-05-24,8416,VALÈNCIA,VALENCIA,11,""22,0"",""0,0"",""20,0"",""23,9"",""8,0"""
"2020-05-25,8416,VALÈNCIA,VALENCIA,11,""21,2"",Ip,""17,1"",""25,2"",""6,5"""
"2020-05-26,8416,VALÈNCIA,VALENCIA,11,""21,9"",""0,0"",""17,6"",""26,2"",""9,0"""
"2020-05-27,8416,VALÈNCIA,VALENCIA,11,""22,2"",""0,0"",""17,5"",""26,9"",""11,5"""
"2020-05-28,8416,VALÈNCIA,VALENCIA,11,""21,6"",""0,0"",""17,4"",""25,7"",""11,0"""
"2020-05-29,8416,VALÈNCIA,VALENCIA,11,""21,8"",""0,0"",""16,4"",""27,3"",""13,0"""
"2020-05-30,8416,VALÈNCIA,VALENCIA,11,""21,4"",""0,0"",""17,5"",""25,2"",""11,2"""
"2020-05-31,8416,VALÈNCIA,VALENCIA,11,""21,2"",""0,0"",""17,2"",""25,2"",""12,9"""
"2020-06-01,8416,VALÈNCIA,VALENCIA,11,""22,8"",""0,0"",""19,0"",""26,6"",""10,0"""
"2020-06-02,8416,VALÈNCIA,VALENCIA,11,""21,8"",""0,0"",""18,1"",""25,5"",""10,0"""
"2020-06-03,8416,VALÈNCIA,VALENCIA,11,""23,5"",""0,0"",""18,4"",""28,6"",""11,0"""
"2020-06-04,8416,VALÈNCIA,VALENCIA,11,""23,1"",""2,2"",""19,8"",""26,4"",""4,0"""
"2020-06-05,8416,VALÈNCIA,VALENCIA,11,""22,8"",""0,0"",""15,2"",""30,3"",""12,5"""
"2020-06-06,8416,VALÈNCIA,VALENCIA,11,""23,4"",""0,0"",""18,0"",""28,7"",""12,0"""
"2020-06-07,8416,VALÈNCIA,VALENCIA,11,""23,4"",""7,6"",""20,0"",""26,7"",""6,5"""
"2020-06-08,8416,VALÈNCIA,VALENCIA,11,""18,6"",""28,3"",""16,3"",""21,0"",""5,4"""
"2020-06-09,8416,VALÈNCIA,VALENCIA,11,""19,6"",""0,0"",""15,4"",""23,9"",""11,0"""
"2020-06-10,8416,VALÈNCIA,VALENCIA,11,""20,4"",""0,0"",""16,2"",""24,5"",""10,5"""
"2020-06-11,8416,VALÈNCIA,VALENCIA,11,""24,3"",""0,0"",""17,7"",""30,9"",""12,0"""
"2020-06-12,8416,VALÈNCIA,VALENCIA,11,""24,0"",""0,0"",""19,3"",""28,6"",""14,0"""
"2020-06-13,8416,VALÈNCIA,VALENCIA,11,""24,2"",""0,0"",""18,2"",""30,2"",""14,2"""
"2020-06-14,8416,VALÈNCIA,VALENCIA,11,""22,3"",""0,0"",""18,4"",""26,2"",""10,0"""
"2020-06-15,8416,VALÈNCIA,VALENCIA,11,""22,2"",""0,0"",""18,1"",""26,2"",""14,0"""
"2020-06-16,8416,VALÈNCIA,VALENCIA,11,""22,4"",Ip,""19,5"",""25,2"",""8,0"""
"2020-06-17,8416,VALÈNCIA,VALENCIA,11,""21,6"",""0,0"",""18,6"",""24,7"",""8,0"""
"2020-06-18,8416,VALÈNCIA,VALENCIA,11,""22,6"",""0,0"",""20,0"",""25,1"",""6,0"""
"2020-06-19,8416,VALÈNCIA,VALENCIA,11,""22,7"",""0,0"",""20,0"",""25,4"",""4,0"""
"2020-06-20,8416,VALÈNCIA,VALENCIA,11,""23,0"",""0,0"",""19,9"",""26,0"",""14,0"""
"2020-06-21,8416,VALÈNCIA,VALENCIA,11,""23,2"",""0,0"",""19,6"",""26,8"",""13,0"""
"2020-06-22,8416,VALÈNCIA,VALENCIA,11,""24,1"",""0,0"",""20,1"",""28,1"",""13,0"""
"2020-06-23,8416,VALÈNCIA,VALENCIA,11,""24,6"",""0,0"",""21,7"",""27,6"",""11,0"""
"2020-06-24,8416,VALÈNCIA,VALENCIA,11,""24,0"",Ip,""20,1"",""27,9"",""9,0"""
"2020-06-25,8416,VALÈNCIA,VALENCIA,11,""24,9"",""0,0"",""20,9"",""28,9"",""13,0"""
"2020-06-26,8416,VALÈNCIA,VALENCIA,11,""24,8"",""0,0"",""20,7"",""29,0"",""12,5"""
"2020-06-27,8416,VALÈNCIA,VALENCIA,11,""25,8"",""0,0"",""21,5"",""30,2"",""13,5"""
"2020-06-28,8416,VALÈNCIA,VALENCIA,11,""24,4"",""0,0"",""21,2"",""27,7"",""13,0"""
"2020-06-29,8416,VALÈNCIA,VALENCIA,11,""25,0"",""0,0"",""21,6"",""28,5"",""13,0"""
"2020-06-30,8416,VALÈNCIA,VALENCIA,11,""25,6"",""0,0"",""22,6"",""28,7"",""9,5"""
"2020-07-01,8416,VALÈNCIA,VALENCIA,11,""25,8"",""0,0"",""22,1"",""29,6"",""14,0"""
"2020-07-02,8416,VALÈNCIA,VALENCIA,11,""26,8"",""0,0"",""24,0"",""29,7"",""12,0"""
"2020-07-03,8416,VALÈNCIA,VALENCIA,11,""26,4"",""0,0"",""25,0"",""27,7"",""2,5"""
"2020-07-04,8416,VALÈNCIA,VALENCIA,11,""25,8"",""0,0"",""22,9"",""28,7"",""9,0"""
"2020-07-05,8416,VALÈNCIA,VALENCIA,11,""25,9"",""0,0"",""22,3"",""29,5"",""13,5"""
"2020-07-06,8416,VALÈNCIA,VALENCIA,11,""26,4"",""0,0"",""21,5"",""31,3"",""13,5"""
"2020-07-07,8416,VALÈNCIA,VALENCIA,11,""26,0"",""0,0"",""22,7"",""29,3"",""13,0"""
"2020-07-08,8416,VALÈNCIA,VALENCIA,11,""26,0"",""0,0"",""23,2"",""28,9"",""4,0"""
"2020-07-09,8416,VALÈNCIA,VALENCIA,11,""27,0"",Ip,""23,3"",""30,7"",""9,0"""
"2020-07-10,8416,VALÈNCIA,VALENCIA,11,""26,2"",""0,0"",""22,6"",""29,8"",""13,5"""
"2020-07-11,8416,VALÈNCIA,VALENCIA,11,""26,0"",""0,0"",""22,8"",""29,1"",""10,0"""
"2020-07-12,8416,VALÈNCIA,VALENCIA,11,""26,0"",""4,2"",""23,1"",""29,0"",""4,0"""
"2020-07-13,8416,VALÈNCIA,VALENCIA,11,""25,1"",""1,4"",""21,2"",""29,0"",""11,0"""
"2020-07-14,8416,VALÈNCIA,VALENCIA,11,""25,2"",""4,0"",""22,7"",""27,7"",""5,0"""
"2020-07-15,8416,VALÈNCIA,VALENCIA,11,""23,9"",""0,0"",""19,5"",""28,3"",""13,0"""
"2020-07-16,8416,VALÈNCIA,VALENCIA,11,""24,8"",""0,0"",""20,9"",""28,6"",""12,0"""
"2020-07-17,8416,VALÈNCIA,VALENCIA,11,""25,4"",""0,0"",""22,6"",""28,1"",""11,0"""
"2020-07-18,8416,VALÈNCIA,VALENCIA,11,""25,5"",""0,0"",""22,6"",""28,4"",""12,0"""
"2020-07-19,8416,VALÈNCIA,VALENCIA,11,""26,8"",""0,0"",""23,0"",""30,7"",""13,0"""
"2020-07-20,8416,VALÈNCIA,VALENCIA,11,""26,8"",""0,0"",""24,0"",""29,5"",""4,0"""
"2020-07-21,8416,VALÈNCIA,VALENCIA,11,""26,0"",""0,0"",""23,0"",""28,9"",""12,0"""
"2020-07-22,8416,VALÈNCIA,VALENCIA,11,""25,7"",""1,0"",""21,9"",""29,5"",""8,0"""
"2020-07-23,8416,VALÈNCIA,VALENCIA,11,""27,0"",""0,0"",""21,1"",""32,9"",""13,0"""
"2020-07-24,8416,VALÈNCIA,VALENCIA,11,""25,6"",""0,0"",""21,7"",""29,5"",""12,0"""
"2020-07-25,8416,VALÈNCIA,VALENCIA,11,""26,6"",""0,0"",""23,3"",""30,0"",""12,0"""
"2020-07-26,8416,VALÈNCIA,VALENCIA,11,""26,5"",""0,0"",""23,0"",""30,0"",""12,0"""
"2020-07-27,8416,VALÈNCIA,VALENCIA,11,""27,2"",""0,0"",""23,0"",""31,3"",""12,5"""
"2020-07-28,8416,VALÈNCIA,VALENCIA,11,""27,5"",""0,0"",""23,3"",""31,7"",""12,5"""
"2020-07-29,8416,VALÈNCIA,VALENCIA,11,""27,6"",""0,0"",""24,4"",""30,8"",""10,0"""
"2020-07-30,8416,VALÈNCIA,VALENCIA,11,""27,4"",""0,0"",""23,4"",""31,4"",""10,0"""
"2020-07-31,8416,VALÈNCIA,VALENCIA,11,""28,4"",""0,0"",""24,1"",""32,8"",""13,0"""
"2020-08-01,8416,VALÈNCIA,VALENCIA,11,""28,4"",""0,0"",""24,8"",""31,9"",""12,0"""
"2020-08-02,8416,VALÈNCIA,VALENCIA,11,""27,8"",""0,0"",""24,6"",""30,9"",""9,5"""
"2020-08-03,8416,VALÈNCIA,VALENCIA,11,""27,5"",""1,5"",""25,7"",""29,3"",""7,0"""
"2020-08-04,8416,VALÈNCIA,VALENCIA,11,""26,6"",""0,0"",""23,8"",""29,3"",""8,0"""
"2020-08-05,8416,VALÈNCIA,VALENCIA,11,""26,8"",""0,0"",""23,9"",""29,6"",""10,0"""
"2020-08-06,8416,VALÈNCIA,VALENCIA,11,""26,8"",""0,0"",""23,5"",""30,2"",""13,0"""
"2020-08-07,8416,VALÈNCIA,VALENCIA,11,""27,0"",""0,0"",""23,3"",""30,6"",""13,0"""
"2020-08-08,8416,VALÈNCIA,VALENCIA,11,""27,4"",""0,0"",""23,2"",""31,5"",""11,0"""
"2020-08-09,8416,VALÈNCIA,VALENCIA,11,""28,3"",""0,0"",""24,1"",""32,5"",""12,5"""
"2020-08-10,8416,VALÈNCIA,VALENCIA,11,""26,8"",""0,0"",""23,0"",""30,5"",""10,0"""
"2020-08-11,8416,VALÈNCIA,VALENCIA,11,""27,1"",""0,0"",""23,9"",""30,3"",""4,0"""
"2020-08-12,8416,VALÈNCIA,VALENCIA,11,""28,8"",Ip,""23,0"",""34,6"",""10,0"""
"2020-08-13,8416,VALÈNCIA,VALENCIA,11,""28,0"",""0,0"",""23,2"",""32,7"",""2,0"""
"2020-08-14,8416,VALÈNCIA,VALENCIA,11,""27,4"",""0,0"",""24,1"",""30,7"",""10,5"""
"2020-08-15,8416,VALÈNCIA,VALENCIA,11,""27,0"",""0,0"",""23,5"",""30,5"",""12,0"""
"2020-08-16,8416,VALÈNCIA,VALENCIA,11,""27,4"",""0,0"",""22,2"",""32,7"",""13,0"""
"2020-08-17,8416,VALÈNCIA,VALENCIA,11,""26,2"",""0,0"",""21,7"",""30,8"",""13,0"""
"2020-08-18,8416,VALÈNCIA,VALENCIA,11,""26,5"",""0,0"",""22,1"",""30,9"",""10,0"""
"2020-08-19,8416,VALÈNCIA,VALENCIA,11,""27,8"",""0,0"",""23,2"",""32,3"",""12,0"""
"2020-08-20,8416,VALÈNCIA,VALENCIA,11,""27,8"",""0,0"",""22,5"",""33,2"",""12,0"""
"2020-08-21,8416,VALÈNCIA,VALENCIA,11,""27,8"",""0,0"",""23,7"",""31,8"",""12,5"""
"2020-08-22,8416,VALÈNCIA,VALENCIA,11,""28,0"",""0,0"",""23,7"",""32,2"",""11,0"""
"2020-08-23,8416,VALÈNCIA,VALENCIA,11,""27,6"",""0,0"",""24,5"",""30,8"",""5,0"""
"2020-08-24,8416,VALÈNCIA,VALENCIA,11,""27,7"",""0,0"",""25,1"",""30,3"",""8,0"""
"2020-08-25,8416,VALÈNCIA,VALENCIA,11,""27,6"",""0,0"",""24,0"",""31,3"",""12,2"""
"2020-08-26,8416,VALÈNCIA,VALENCIA,11,""27,4"",""0,0"",""23,7"",""31,2"",""12,5"""
"2020-08-27,8416,VALÈNCIA,VALENCIA,11,""26,9"",""0,0"",""22,9"",""30,9"",""12,4"""
"2020-08-28,8416,VALÈNCIA,VALENCIA,11,""27,4"",""0,0"",""23,9"",""31,0"",""10,0"""
"2020-08-29,8416,VALÈNCIA,VALENCIA,11,""25,6"",""2,9"",""23,9"",""27,4"",""5,5"""
"2020-08-30,8416,VALÈNCIA,VALENCIA,11,""22,0"",""0,0"",""17,8"",""26,1"",""12,6"""
"2020-08-31,8416,VALÈNCIA,VALENCIA,11,""22,4"",""0,0"",""18,0"",""26,8"",""11,0"""
"2020-09-01,8416,VALÈNCIA,VALENCIA,11,""22,3"",""0,0"",""18,7"",""25,9"",""3,0"""
"2020-09-02,8416,VALÈNCIA,VALENCIA,11,""24,0"",""0,0"",""19,9"",""28,0"",""10,0"""
"2020-09-03,8416,VALÈNCIA,VALENCIA,11,""24,7"",""0,0"",""20,4"",""29,0"",""12,0"""
"2020-09-04,8416,VALÈNCIA,VALENCIA,11,""24,3"",""0,0"",""19,6"",""29,0"",""12,0"""
"2020-09-05,8416,VALÈNCIA,VALENCIA,11,""24,4"",""0,0"",""20,1"",""28,8"",""12,0"""
"2020-09-06,8416,VALÈNCIA,VALENCIA,11,""24,8"",""0,0"",""20,3"",""29,4"",""12,0"""
"2020-09-07,8416,VALÈNCIA,VALENCIA,11,""23,1"",""13,5"",""20,7"",""25,5"",""3,0"""
"2020-09-08,8416,VALÈNCIA,VALENCIA,11,""22,0"",""0,0"",""16,8"",""27,1"",""7,0"""
"2020-09-09,8416,VALÈNCIA,VALENCIA,11,""22,0"",""0,0"",""16,8"",""27,2"",""8,8"""
"2020-09-10,8416,VALÈNCIA,VALENCIA,11,""24,0"",""0,0"",""19,2"",""28,7"",""11,0"""
"2020-09-11,8416,VALÈNCIA,VALENCIA,11,""24,8"",""0,0"",""19,7"",""29,8"",""11,5"""
"2020-09-12,8416,VALÈNCIA,VALENCIA,11,""24,7"",""0,0"",""20,2"",""29,2"",""11,4"""
"2020-09-13,8416,VALÈNCIA,VALENCIA,11,""25,8"",""0,0"",""20,6"",""31,0"",""11,4"""
"2020-09-14,8416,VALÈNCIA,VALENCIA,11,""24,6"",""0,1"",""20,3"",""29,0"",""9,5"""
"2020-09-15,8416,VALÈNCIA,VALENCIA,11,""26,2"",Ip,""21,1"",""31,3"",""8,5"""
"2020-09-16,8416,VALÈNCIA,VALENCIA,11,""25,2"",Ip,""20,8"",""29,5"",""10,0"""
"2020-09-17,8416,VALÈNCIA,VALENCIA,11,""24,7"",""1,0"",""21,2"",""28,2"",""3,0"""
"2020-09-18,8416,VALÈNCIA,VALENCIA,11,""23,3"",""4,3"",""21,2"",""25,4"",""2,5"""
"2020-09-19,8416,VALÈNCIA,VALENCIA,11,""24,2"",""0,0"",""18,4"",""29,9"",""11,0"""
"2020-09-20,8416,VALÈNCIA,VALENCIA,11,""25,8"",""0,0"",""19,4"",""32,2"",""10,5"""
"2020-09-21,8416,VALÈNCIA,VALENCIA,11,""24,0"",""0,0"",""19,9"",""28,2"",""10,5"""
"2020-09-22,8416,VALÈNCIA,VALENCIA,11,""24,3"",""0,0"",""19,6"",""29,0"",""10,0"""
"2020-09-23,8416,VALÈNCIA,VALENCIA,11,""26,4"",Ip,""20,0"",""32,7"",""4,0"""
"2020-09-24,8416,VALÈNCIA,VALENCIA,11,""25,6"",""0,0"",""21,5"",""29,8"",""0,5"""
"2020-09-25,8416,VALÈNCIA,VALENCIA,11,""23,3"",""0,0"",""19,5"",""27,1"",""11,0"""
"2020-09-26,8416,VALÈNCIA,VALENCIA,11,""21,8"",""0,0"",""16,1"",""27,6"",""11,0"""
"2020-09-27,8416,VALÈNCIA,VALENCIA,11,""21,0"",""0,0"",""16,6"",""25,5"",""10,8"""
"2020-09-28,8416,VALÈNCIA,VALENCIA,11,""19,6"",""0,0"",""13,6"",""25,5"",""10,8"""
"2020-09-29,8416,VALÈNCIA,VALENCIA,11,""19,3"",""0,0"",""13,9"",""24,7"",""10,5"""
"2020-09-30,8416,VALÈNCIA,VALENCIA,11,""20,2"",""0,0"",""15,8"",""24,5"",""7,8"""
"2020-10-01,8416,VALÈNCIA,VALENCIA,11,""24,6"",""0,0"",""16,5"",""32,6"",""9,0"""
"2020-10-02,8416,VALÈNCIA,VALENCIA,11,""21,6"",""2,7"",""17,4"",""25,7"",""0,4"""
"2020-10-03,8416,VALÈNCIA,VALENCIA,11,""18,6"",""0,0"",""12,7"",""24,5"",""10,5"""
"2020-10-04,8416,VALÈNCIA,VALENCIA,11,""18,6"",""0,0"",""13,0"",""24,1"",""9,0"""
"2020-10-05,8416,VALÈNCIA,VALENCIA,11,""19,6"",""0,0"",""13,4"",""25,8"",""9,0"""
"2020-10-06,8416,VALÈNCIA,VALENCIA,11,""21,4"",""0,0"",""14,0"",""28,7"",""9,0"""
"2020-10-07,8416,VALÈNCIA,VALENCIA,11,""23,8"",""0,0"",""17,5"",""30,2"",""10,1"""
"2020-10-08,8416,VALÈNCIA,VALENCIA,11,""21,2"",""0,0"",""16,9"",""25,4"",""9,0"""
"2020-10-09,8416,VALÈNCIA,VALENCIA,11,""20,9"",""0,0"",""17,4"",""24,4"",""9,0"""
"2020-10-10,8416,VALÈNCIA,VALENCIA,11,""21,8"",Ip,""17,9"",""25,7"",""3,0"""
"2020-10-11,8416,VALÈNCIA,VALENCIA,11,""20,6"",""0,0"",""17,2"",""23,9"",""9,5"""
"2020-10-12,8416,VALÈNCIA,VALENCIA,11,""19,4"",""0,0"",""14,4"",""24,5"",""10,5"""
"2020-10-13,8416,VALÈNCIA,VALENCIA,11,""21,8"",""0,0"",""14,3"",""29,3"",""10,0"""
"2020-10-14,8416,VALÈNCIA,VALENCIA,11,""18,8"",""1,2"",""15,3"",""22,4"",""3,4"""
"2020-10-15,8416,VALÈNCIA,VALENCIA,11,""17,8"",""0,0"",""12,1"",""23,5"",""9,0"""
"2020-10-16,8416,VALÈNCIA,VALENCIA,11,""16,2"",""0,0"",""10,5"",""22,0"",""10,5"""
"2020-10-17,8416,VALÈNCIA,VALENCIA,11,""16,6"",""0,0"",""10,8"",""22,4"",""10,0"""
"2020-10-18,8416,VALÈNCIA,VALENCIA,11,""16,8"",""0,0"",""11,4"",""22,1"",""10,0"""
"2020-10-19,8416,VALÈNCIA,VALENCIA,11,""17,0"",""0,0"",""11,8"",""22,3"",""8,2"""
"2020-10-20,8416,VALÈNCIA,VALENCIA,11,""17,5"",""0,0"",""13,6"",""21,4"",""0,0"""
"2020-10-21,8416,VALÈNCIA,VALENCIA,11,""22,4"",Ip,""16,6"",""28,2"",""7,0"""
"2020-10-22,8416,VALÈNCIA,VALENCIA,11,""19,6"",""2,2"",""17,9"",""21,3"",""0,0"""
"2020-10-23,8416,VALÈNCIA,VALENCIA,11,""20,8"",""0,0"",""16,4"",""25,2"",""9,0"""
"2020-10-24,8416,VALÈNCIA,VALENCIA,11,""19,2"",""0,0"",""13,2"",""25,3"",""10,0"""
"2020-10-25,8416,VALÈNCIA,VALENCIA,11,""18,9"",""0,0"",""13,2"",""24,6"",""9,0"""
"2020-10-26,8416,VALÈNCIA,VALENCIA,11,""18,6"",""0,0"",""14,6"",""22,7"",""9,2"""
"2020-10-27,8416,VALÈNCIA,VALENCIA,11,""16,9"",""0,0"",""10,8"",""23,0"",""8,0"""
"2020-10-28,8416,VALÈNCIA,VALENCIA,11,""18,1"",""0,0"",""11,2"",""25,0"",""8,8"""
"2020-10-29,8416,VALÈNCIA,VALENCIA,11,""18,5"",""0,0"",""13,4"",""23,6"",""9,2"""
"2020-10-30,8416,VALÈNCIA,VALENCIA,11,""17,6"",""0,0"",""12,2"",""23,0"",""9,5"""
"2020-10-31,8416,VALÈNCIA,VALENCIA,11,""17,1"",""0,0"",""12,0"",""22,2"",""9,5"""
"2020-11-01,8416,VALÈNCIA,VALENCIA,11,""18,2"",""0,0"",""12,0"",""24,5"",""9,5"""
"2020-11-02,8416,VALÈNCIA,VALENCIA,11,""17,7"",""0,0"",""12,0"",""23,4"",""9,5"""
"2020-11-03,8416,VALÈNCIA,VALENCIA,11,""16,3"",""4,2"",""12,2"",""20,4"",""0,2"""
"2020-11-04,8416,VALÈNCIA,VALENCIA,11,""13,6"",""64,5"",""12,4"",""14,8"",""0,0"""
"2020-11-05,8416,VALÈNCIA,VALENCIA,11,""15,4"",""92,8"",""12,4"",""18,5"",""0,0"""
"2020-11-06,8416,VALÈNCIA,VALENCIA,11,""16,6"",""12,0"",""13,3"",""19,8"",""0,0"""
"2020-11-07,8416,VALÈNCIA,VALENCIA,11,""17,8"",""0,6"",""14,7"",""20,9"",""3,0"""
"2020-11-08,8416,VALÈNCIA,VALENCIA,11,""16,6"",""0,0"",""11,0"",""22,2"",""7,0"""
"2020-11-09,8416,VALÈNCIA,VALENCIA,11,""16,1"",""0,0"",""10,8"",""21,4"",""9,0"""
"2020-11-10,8416,VALÈNCIA,VALENCIA,11,""16,7"",""0,0"",""11,2"",""22,2"",""9,6"""
"2020-11-11,8416,VALÈNCIA,VALENCIA,11,""16,6"",""0,0"",""11,6"",""21,6"",""9,6"""
"2020-11-12,8416,VALÈNCIA,VALENCIA,11,""15,7"",""0,0"",""11,4"",""20,0"",""8,5"""
"2020-11-13,8416,VALÈNCIA,VALENCIA,11,""15,4"",""0,0"",""11,4"",""19,4"",""2,6"""
"2020-11-14,8416,VALÈNCIA,VALENCIA,11,""16,8"",""0,0"",""14,0"",""19,6"",""0,5"""
"2020-11-15,8416,VALÈNCIA,VALENCIA,11,""19,5"",""0,0"",""14,0"",""25,0"",""9,0"""
"2020-11-16,8416,VALÈNCIA,VALENCIA,11,""19,2"",""0,0"",""15,0"",""23,5"",""5,2"""
"2020-11-17,8416,VALÈNCIA,VALENCIA,11,""17,6"",""0,0"",""13,0"",""22,3"",""9,4"""
"2020-11-18,8416,VALÈNCIA,VALENCIA,11,""17,5"",""0,0"",""13,0"",""22,0"",""5,0"""
"2020-11-19,8416,VALÈNCIA,VALENCIA,11,""19,4"",""0,0"",""14,8"",""24,0"",""9,0"""
"2020-11-20,8416,VALÈNCIA,VALENCIA,11,""15,8"",""0,0"",""11,6"",""20,0"",""8,5"""
"2020-11-21,8416,VALÈNCIA,VALENCIA,11,""13,6"",""0,0"",""8,5"",""18,7"",""8,5"""
"2020-11-22,8416,VALÈNCIA,VALENCIA,11,""13,6"",""0,0"",""8,2"",""19,0"",""8,8"""
"2020-11-23,8416,VALÈNCIA,VALENCIA,11,""13,4"",""0,0"",""8,2"",""18,6"",""8,8"""
"2020-11-24,8416,VALÈNCIA,VALENCIA,11,""13,0"",""0,0"",""7,9"",""18,2"",""7,0"""
"2020-11-25,8416,VALÈNCIA,VALENCIA,11,""13,1"",""0,2"",""6,8"",""19,4"",""8,7"""
"2020-11-26,8416,VALÈNCIA,VALENCIA,11,""12,4"",""0,8"",""6,9"",""18,0"",""0,0"""
"2020-11-27,8416,VALÈNCIA,VALENCIA,11,""15,4"",""71,5"",""13,5"",""17,4"",""0,0"""
"2020-11-28,8416,VALÈNCIA,VALENCIA,11,""14,6"",""3,5"",""11,2"",""18,1"",""3,2"""
"2020-11-29,8416,VALÈNCIA,VALENCIA,11,""15,8"",""0,0"",""11,0"",""20,7"",""4,5"""
"2020-11-30,8416,VALÈNCIA,VALENCIA,11,""14,6"",""0,0"",""9,3"",""19,8"",""8,5"""
"2020-12-01,8416,VALÈNCIA,VALENCIA,11,""14,4"",""0,0"",""8,8"",""20,0"",""8,6"""
"2020-12-02,8416,VALÈNCIA,VALENCIA,11,""12,7"",""0,0"",""9,0"",""16,4"",""8,4"""
"2020-12-03,8416,VALÈNCIA,VALENCIA,11,""10,6"",""0,0"",""4,5"",""16,6"",""8,8"""
"2020-12-04,8416,VALÈNCIA,VALENCIA,11,""10,0"",Ip,""4,7"",""15,2"",""4,0"""
"2020-12-05,8416,VALÈNCIA,VALENCIA,11,""10,2"",""0,0"",""6,0"",""14,5"",""9,0"""
"2020-12-06,8416,VALÈNCIA,VALENCIA,11,""11,0"",""0,0"",""6,5"",""15,5"",""9,0"""
"2020-12-07,8416,VALÈNCIA,VALENCIA,11,""12,2"",""2,0"",""7,5"",""17,0"",""1,5"""
"2020-12-08,8416,VALÈNCIA,VALENCIA,11,""13,7"",""0,0"",""10,0"",""17,4"",""8,2"""
"2020-12-09,8416,VALÈNCIA,VALENCIA,11,""12,6"",""0,0"",""7,8"",""17,4"",""9,0"""
"2020-12-10,8416,VALÈNCIA,VALENCIA,11,""13,3"",""1,2"",""7,4"",""19,2"",""1,0"""
"2020-12-11,8416,VALÈNCIA,VALENCIA,11,""17,6"",""0,0"",""12,2"",""23,0"",""4,0"""
"2020-12-12,8416,VALÈNCIA,VALENCIA,11,""17,9"",""0,0"",""15,3"",""20,5"",""8,6"""
"2020-12-13,8416,VALÈNCIA,VALENCIA,11,""16,4"",""0,0"",""10,7"",""22,0"",""8,4"""
"2020-12-14,8416,VALÈNCIA,VALENCIA,11,""14,0"",""0,0"",""10,5"",""17,5"",""2,5"""
"2020-12-15,8416,VALÈNCIA,VALENCIA,11,""15,2"",""0,0"",""10,0"",""20,4"",""7,4"""
"2020-12-16,8416,VALÈNCIA,VALENCIA,11,""13,2"",""0,0"",""8,0"",""18,5"",""8,3"""
"2020-12-17,8416,VALÈNCIA,VALENCIA,11,""14,1"",""0,0"",""9,0"",""19,2"",""7,8"""
"2020-12-18,8416,VALÈNCIA,VALENCIA,11,""14,0"",""0,0"",""8,7"",""19,2"",""8,8"""
"2020-12-19,8416,VALÈNCIA,VALENCIA,11,""13,7"",""0,2"",""7,8"",""19,6"",""7,0"""
"2020-12-20,8416,VALÈNCIA,VALENCIA,11,""13,9"",""0,0"",""7,6"",""20,2"",""8,0"""
"2020-12-21,8416,VALÈNCIA,VALENCIA,11,""14,3"",""0,0"",""8,2"",""20,4"",""7,0"""
"2020-12-22,8416,VALÈNCIA,VALENCIA,11,""13,4"",""0,0"",""8,1"",""18,8"",""8,8"""
"2020-12-23,8416,VALÈNCIA,VALENCIA,11,""15,4"",""0,0"",""8,3"",""22,5"",""9,0"""
"2020-12-24,8416,VALÈNCIA,VALENCIA,11,""12,6"",""0,6"",""8,3"",""16,8"",""2,0"""
"2020-12-25,8416,VALÈNCIA,VALENCIA,11,""11,7"",""0,0"",""8,6"",""14,8"",""9,0"""
"2020-12-26,8416,VALÈNCIA,VALENCIA,11,""11,0"",""0,0"",""6,5"",""15,5"",""9,0"""
"2020-12-27,8416,VALÈNCIA,VALENCIA,11,""10,0"",""0,0"",""3,4"",""16,6"",""7,0"""
"2020-12-28,8416,VALÈNCIA,VALENCIA,11,""10,1"",""0,2"",""3,4"",""16,8"",""6,4"""
"2020-12-29,8416,VALÈNCIA,VALENCIA,11,""11,4"",""0,0"",""8,4"",""14,4"",""9,0"""
"2020-12-30,8416,VALÈNCIA,VALENCIA,11,""11,0"",""0,0"",""5,7"",""16,4"",""9,0"""
"2020-12-31,8416,VALÈNCIA,VALENCIA,11,""10,8"",""0,2"",""6,0"",""15,6"",""9,0"""
"2021-01-01,8416,VALÈNCIA,VALENCIA,11,""10,0"",""1,8"",""5,6"",""14,4"",""5,5"""
"2021-01-02,8416,VALÈNCIA,VALENCIA,11,""8,1"",""0,0"",""4,0"",""12,2"",""6,0"""
"2021-01-03,8416,VALÈNCIA,VALENCIA,11,""9,5"",""0,0"",""3,5"",""15,5"",""9,0"""
"2021-01-04,8416,VALÈNCIA,VALENCIA,11,""8,2"",""0,0"",""3,5"",""13,0"",""9,0"""
"2021-01-05,8416,VALÈNCIA,VALENCIA,11,""8,0"",""0,0"",""2,4"",""13,5"",""9,0"""
"2021-01-06,8416,VALÈNCIA,VALENCIA,11,""6,7"",""2,0"",""1,4"",""12,0"",""8,2"""
"2021-01-07,8416,VALÈNCIA,VALENCIA,11,""5,9"",""6,6"",""2,4"",""9,4"",""0,0"""
"2021-01-08,8416,VALÈNCIA,VALENCIA,11,""6,0"",""22,0"",""5,0"",""7,0"",""0,0"""
"2021-01-09,8416,VALÈNCIA,VALENCIA,11,""5,8"",""1,6"",""4,0"",""7,5"",""0,0"""
"2021-01-10,8416,VALÈNCIA,VALENCIA,11,""6,5"",""0,0"",""2,6"",""10,4"",""0,0"""
"2021-01-11,8416,VALÈNCIA,VALENCIA,11,""6,8"",""0,0"",""2,6"",""11,0"",""3,4"""
"2021-01-12,8416,VALÈNCIA,VALENCIA,11,""7,1"",""0,0"",""0,8"",""13,4"",""8,9"""
"2021-01-13,8416,VALÈNCIA,VALENCIA,11,""9,0"",""0,0"",""1,3"",""16,8"",""9,0"""
"2021-01-14,8416,VALÈNCIA,VALENCIA,11,""10,2"",""0,0"",""3,0"",""17,4"",""8,8"""
"2021-01-15,8416,VALÈNCIA,VALENCIA,11,""11,6"",""0,0"",""4,0"",""19,2"",""8,0"""
"2021-01-16,8416,VALÈNCIA,VALENCIA,11,""10,6"",""0,0"",""4,4"",""16,8"",""9,0"""
"2021-01-17,8416,VALÈNCIA,VALENCIA,11,""13,6"",""0,0"",""4,2"",""23,0"",""9,0"""
"2021-01-18,8416,VALÈNCIA,VALENCIA,11,""12,2"",""0,0"",""6,8"",""17,6"",""9,2"""
"2021-01-19,8416,VALÈNCIA,VALENCIA,11,""10,6"",""0,0"",""5,8"",""15,5"",""9,4"""
"2021-01-20,8416,VALÈNCIA,VALENCIA,11,""8,5"",""0,0"",""4,2"",""12,8"",""1,0"""
"2021-01-21,8416,VALÈNCIA,VALENCIA,11,""15,2"",Ip,""12,0"",""18,3"",""6,2"""
"2021-01-22,8416,VALÈNCIA,VALENCIA,11,""15,8"",""0,2"",""12,5"",""19,0"",""4,0"""
"2021-01-23,8416,VALÈNCIA,VALENCIA,11,""14,2"",""0,0"",""10,0"",""18,5"",""5,0"""
"2021-01-24,8416,VALÈNCIA,VALENCIA,11,""15,6"",""0,0"",""10,5"",""20,8"",""9,2"""
"2021-01-25,8416,VALÈNCIA,VALENCIA,11,""16,9"",""0,0"",""14,0"",""19,8"",""1,0"""
"2021-01-26,8416,VALÈNCIA,VALENCIA,11,""13,5"",""0,0"",""9,2"",""17,8"",""7,4"""
"2021-01-27,8416,VALÈNCIA,VALENCIA,11,""18,0"",""0,0"",""10,2"",""25,8"",""8,5"""
"2021-01-28,8416,VALÈNCIA,VALENCIA,11,""19,2"",""0,0"",""12,4"",""25,9"",""9,0"""
"2021-01-29,8416,VALÈNCIA,VALENCIA,11,""20,7"",""0,0"",""15,4"",""26,0"",""9,2"""
"2021-01-30,8416,VALÈNCIA,VALENCIA,11,""18,5"",""0,2"",""16,0"",""21,0"",""8,0"""
"2021-01-31,8416,VALÈNCIA,VALENCIA,11,""16,6"",""0,0"",""12,8"",""20,5"",""6,8"""
"2021-02-01,8416,VALÈNCIA,VALENCIA,11,""20,1"",""0,0"",""16,0"",""24,2"",""9,5"""
"2021-02-02,8416,VALÈNCIA,VALENCIA,11,""18,9"",""0,0"",""14,0"",""23,8"",""9,4"""
"2021-02-03,8416,VALÈNCIA,VALENCIA,11,""16,6"",""0,0"",""12,5"",""20,8"",""0,3"""
"2021-02-04,8416,VALÈNCIA,VALENCIA,11,""13,5"",""0,0"",""10,5"",""16,5"",""6,0"""
"2021-02-05,8416,VALÈNCIA,VALENCIA,11,""13,6"",""0,0"",""12,0"",""15,2"",""0,0"""
"2021-02-06,8416,VALÈNCIA,VALENCIA,11,""16,1"",""0,0"",""10,6"",""21,6"",""8,4"""
"2021-02-07,8416,VALÈNCIA,VALENCIA,11,""15,4"",""0,0"",""10,8"",""20,0"",""8,5"""
"2021-02-08,8416,VALÈNCIA,VALENCIA,11,""15,5"",Ip,""12,0"",""19,0"",""5,5"""
"2021-02-09,8416,VALÈNCIA,VALENCIA,11,""15,4"",""0,0"",""12,6"",""18,2"",""1,2"""
"2021-02-10,8416,VALÈNCIA,VALENCIA,11,""17,3"",""0,0"",""12,8"",""21,8"",""9,5"""
"2021-02-11,8416,VALÈNCIA,VALENCIA,11,""17,4"",""0,0"",""11,8"",""23,0"",""7,0"""
"2021-02-12,8416,VALÈNCIA,VALENCIA,11,""16,9"",""0,0"",""10,6"",""23,2"",""7,0"""
"2021-02-13,8416,VALÈNCIA,VALENCIA,11,""18,2"",""0,0"",""12,6"",""23,8"",""9,4"""
"2021-02-14,8416,VALÈNCIA,VALENCIA,11,""12,5"",""11,3"",""8,2"",""16,8"",""3,2"""
"2021-02-15,8416,VALÈNCIA,VALENCIA,11,""12,3"",""0,0"",""9,8"",""14,8"",""0,5"""
"2021-02-16,8416,VALÈNCIA,VALENCIA,11,""13,2"",""0,0"",""8,3"",""18,0"",""9,7"""
"2021-02-17,8416,VALÈNCIA,VALENCIA,11,""12,2"",""0,0"",""8,5"",""15,8"",""6,2"""
"2021-02-18,8416,VALÈNCIA,VALENCIA,11,""12,2"",""0,0"",""10,0"",""14,5"",""6,2"""
"2021-02-19,8416,VALÈNCIA,VALENCIA,11,""12,0"",""0,0"",""8,4"",""15,7"",""8,5"""
"2021-02-20,8416,VALÈNCIA,VALENCIA,11,""12,8"",""0,0"",""10,0"",""15,5"",""0,0"""
"2021-02-21,8416,VALÈNCIA,VALENCIA,11,""13,2"",""8,0"",""11,5"",""14,8"",""0,0"""
"2021-02-22,8416,VALÈNCIA,VALENCIA,11,""14,4"",Ip,""10,2"",""18,6"",""4,5"""
"2021-02-23,8416,VALÈNCIA,VALENCIA,11,""13,2"",""0,0"",""9,3"",""17,1"",""8,4"""
"2021-02-24,8416,VALÈNCIA,VALENCIA,11,""12,8"",""0,0"",""9,8"",""15,9"",""0,5"""
"2021-02-25,8416,VALÈNCIA,VALENCIA,11,""13,8"",""0,0"",""10,3"",""17,2"",""1,5"""
"2021-02-26,8416,VALÈNCIA,VALENCIA,11,""12,5"",""0,0"",""9,2"",""15,8"",""1,0"""
"2021-02-27,8416,VALÈNCIA,VALENCIA,11,""13,0"",""0,0"",""8,6"",""17,5"",""9,6"""
"2021-02-28,8416,VALÈNCIA,VALENCIA,11,""12,8"",""0,0"",""9,0"",""16,5"",""1,2"""
"2021-03-01,8416,VALÈNCIA,VALENCIA,11,""13,0"",Ip,""10,5"",""15,5"",""0,0"""
"2021-03-02,8416,VALÈNCIA,VALENCIA,11,""13,2"",Ip,""12,0"",""14,4"",""0,0"""
"2021-03-03,8416,VALÈNCIA,VALENCIA,11,""14,2"",""0,0"",""12,8"",""15,6"",""0,8"""
"2021-03-04,8416,VALÈNCIA,VALENCIA,11,""13,2"",""0,0"",""10,0"",""16,5"",""3,6"""
"2021-03-05,8416,VALÈNCIA,VALENCIA,11,""12,4"",""0,0"",""8,0"",""16,8"",""10,0"""
"2021-03-06,8416,VALÈNCIA,VALENCIA,11,""12,0"",""1,8"",""8,0"",""16,0"",""2,5"""
"2021-03-07,8416,VALÈNCIA,VALENCIA,11,""11,0"",""13,6"",""9,5"",""12,4"",""0,0"""
"2021-03-08,8416,VALÈNCIA,VALENCIA,11,""11,7"",""0,8"",""10,0"",""13,4"",""0,0"""
"2021-03-09,8416,VALÈNCIA,VALENCIA,11,""14,0"",Ip,""10,5"",""17,6"",""7,8"""
"2021-03-10,8416,VALÈNCIA,VALENCIA,11,""12,5"",""0,0"",""8,4"",""16,6"",""8,0"""
"2021-03-11,8416,VALÈNCIA,VALENCIA,11,""16,8"",""0,0"",""7,8"",""25,8"",""11,0"""
"2021-03-12,8416,VALÈNCIA,VALENCIA,11,""18,1"",""0,0"",""11,4"",""24,8"",""10,0"""
"2021-03-13,8416,VALÈNCIA,VALENCIA,11,""14,9"",""0,0"",""10,0"",""19,8"",""11,0"""
"2021-03-14,8416,VALÈNCIA,VALENCIA,11,""16,6"",""0,0"",""9,8"",""23,4"",""11,2"""
"2021-03-15,8416,VALÈNCIA,VALENCIA,11,""13,2"",""0,0"",""9,0"",""17,5"",""11,0"""
"2021-03-16,8416,VALÈNCIA,VALENCIA,11,""13,2"",""0,0"",""8,0"",""18,5"",""11,2"""
"2021-03-17,8416,VALÈNCIA,VALENCIA,11,""15,0"",""0,0"",""8,4"",""21,6"",""11,4"""
"2021-03-18,8416,VALÈNCIA,VALENCIA,11,""10,7"",""22,4"",""9,4"",""12,0"",""0,0"""
"2021-03-19,8416,VALÈNCIA,VALENCIA,11,""10,0"",""0,8"",""6,8"",""13,3"",""1,0"""
"2021-03-20,8416,VALÈNCIA,VALENCIA,11,""10,2"",""0,5"",""5,4"",""15,1"",""7,2"""
"2021-03-21,8416,VALÈNCIA,VALENCIA,11,""12,5"",""0,0"",""6,3"",""18,7"",""11,5"""
"2021-03-22,8416,VALÈNCIA,VALENCIA,11,""13,0"",""0,0"",""7,0"",""19,1"",""11,0"""
"2021-03-23,8416,VALÈNCIA,VALENCIA,11,""12,9"",""0,0"",""7,8"",""18,0"",""11,5"""
"2021-03-24,8416,VALÈNCIA,VALENCIA,11,""13,4"",""0,0"",""8,2"",""18,5"",""10,0"""
"2021-03-25,8416,VALÈNCIA,VALENCIA,11,""13,2"",""0,0"",""8,3"",""18,0"",""11,0"""
"2021-03-26,8416,VALÈNCIA,VALENCIA,11,""13,6"",""0,0"",""8,8"",""18,4"",""8,0"""
"2021-03-27,8416,VALÈNCIA,VALENCIA,11,""14,6"",""0,0"",""11,5"",""17,8"",""1,4"""
"2021-03-28,8416,VALÈNCIA,VALENCIA,11,""13,2"",""0,0"",""8,4"",""18,0"",""11,0"""
"2021-03-29,8416,VALÈNCIA,VALENCIA,11,""13,8"",""0,0"",""9,5"",""18,0"",""4,0"""
"2021-03-30,8416,VALÈNCIA,VALENCIA,11,""14,4"",""0,0"",""10,4"",""18,5"",""10,5"""
"2021-03-31,8416,VALÈNCIA,VALENCIA,11,""13,6"",""0,0"",""9,0"",""18,2"",""11,0"""
"2021-04-01,8416,VALÈNCIA,VALENCIA,11,""13,8"",""0,0"",""9,4"",""18,2"",""9,0"""
"2021-04-02,8416,VALÈNCIA,VALENCIA,11,""15,2"",""0,0"",""10,5"",""19,8"",""10,0"""
"2021-04-03,8416,VALÈNCIA,VALENCIA,11,""16,6"",""0,0"",""11,0"",""22,3"",""11,2"""
"2021-04-04,8416,VALÈNCIA,VALENCIA,11,""15,3"",""0,2"",""12,6"",""18,0"",""2,0"""
"2021-04-05,8416,VALÈNCIA,VALENCIA,11,""14,9"",""0,0"",""9,6"",""20,2"",""11,5"""
"2021-04-06,8416,VALÈNCIA,VALENCIA,11,""18,1"",""0,0"",""11,0"",""25,2"",""12,0"""
"2021-04-07,8416,VALÈNCIA,VALENCIA,11,""12,1"",""2,0"",""10,8"",""13,4"",""0,0"""
"2021-04-08,8416,VALÈNCIA,VALENCIA,11,""12,8"",""0,2"",""10,2"",""15,4"",""3,6"""
"2021-04-09,8416,VALÈNCIA,VALENCIA,11,""11,6"",""2,2"",""10,2"",""13,0"",""0,0"""
"2021-04-10,8416,VALÈNCIA,VALENCIA,11,""12,8"",""0,4"",""10,7"",""14,8"",""0,0"""
"2021-04-11,8416,VALÈNCIA,VALENCIA,11,""17,8"",""0,2"",""11,5"",""24,0"",""7,2"""
"2021-04-12,8416,VALÈNCIA,VALENCIA,11,""14,5"",""0,0"",""12,0"",""17,0"",""9,5"""
"2021-04-13,8416,VALÈNCIA,VALENCIA,11,""14,8"",""0,0"",""12,0"",""17,5"",""0,3"""
"2021-04-14,8416,VALÈNCIA,VALENCIA,11,""14,8"",""0,3"",""13,1"",""16,4"",""0,6"""
"2021-04-15,8416,VALÈNCIA,VALENCIA,11,""14,2"",""0,8"",""13,3"",""15,0"",""0,0"""
"2021-04-16,8416,VALÈNCIA,VALENCIA,11,""12,8"",""4,0"",""8,5"",""17,2"",""8,0"""
"2021-04-17,8416,VALÈNCIA,VALENCIA,11,""12,2"",""0,0"",""8,1"",""16,3"",""10,5"""
"2021-04-18,8416,VALÈNCIA,VALENCIA,11,""12,2"",""0,0"",""7,4"",""16,9"",""11,4"""
"2021-04-19,8416,VALÈNCIA,VALENCIA,11,""17,3"",""0,0"",""8,9"",""25,7"",""10,0"""
"2021-04-20,8416,VALÈNCIA,VALENCIA,11,""14,2"",""1,0"",""10,0"",""18,5"",""5,6"""
"2021-04-21,8416,VALÈNCIA,VALENCIA,11,""16,1"",""12,6"",""13,2"",""19,0"",""0,5"""
"2021-04-22,8416,VALÈNCIA,VALENCIA,11,""14,8"",""8,6"",""13,0"",""16,5"",""0,0"""
"2021-04-23,8416,VALÈNCIA,VALENCIA,11,""15,0"",""0,0"",""11,6"",""18,5"",""0,0"""
"2021-04-24,8416,VALÈNCIA,VALENCIA,11,""14,3"",""2,3"",""12,2"",""16,4"",""0,0"""
"2021-04-25,8416,VALÈNCIA,VALENCIA,11,""15,7"",""24,8"",""12,8"",""18,6"",""8,0"""
"2021-04-26,8416,VALÈNCIA,VALENCIA,11,""15,3"",""0,2"",""13,0"",""17,6"",""1,0"""
"2021-04-27,8416,VALÈNCIA,VALENCIA,11,""16,5"",""4,6"",""13,6"",""19,4"",""6,0"""
"2021-04-28,8416,VALÈNCIA,VALENCIA,11,""18,1"",""0,4"",""15,0"",""21,2"",""5,0"""
"2021-04-29,8416,VALÈNCIA,VALENCIA,11,""19,8"",""0,0"",""14,3"",""25,2"",""7,4"""
"2021-04-30,8416,VALÈNCIA,VALENCIA,11,""18,0"",""0,6"",""15,6"",""20,5"",""8,6"""
"2021-05-01,8416,VALÈNCIA,VALENCIA,11,""17,6"",""0,0"",""13,5"",""21,6"",""9,5"""
"2021-05-02,8416,VALÈNCIA,VALENCIA,11,""16,0"",Ip,""13,5"",""18,5"",""6,2"""
"2021-05-03,8416,VALÈNCIA,VALENCIA,11,""15,6"",""0,2"",""13,6"",""17,5"",""0,0"""
"2021-05-04,8416,VALÈNCIA,VALENCIA,11,""17,0"",""0,0"",""13,0"",""21,0"",""10,0"""
"2021-05-05,8416,VALÈNCIA,VALENCIA,11,""18,1"",""0,0"",""13,2"",""23,0"",""13,0"""
"2021-05-06,8416,VALÈNCIA,VALENCIA,11,""18,2"",""0,0"",""13,3"",""23,0"",""13,2"""
"2021-05-07,8416,VALÈNCIA,VALENCIA,11,""19,9"",""0,0"",""14,4"",""25,4"",""13,2"""
"2021-05-08,8416,VALÈNCIA,VALENCIA,11,""19,6"",""0,0"",""16,8"",""22,4"",""11,0"""
"2021-05-09,8416,VALÈNCIA,VALENCIA,11,""18,9"",""9,5"",""16,0"",""21,8"",""4,0"""
"2021-05-10,8416,VALÈNCIA,VALENCIA,11,""20,0"",Ip,""15,0"",""25,1"",""7,5"""
"2021-05-11,8416,VALÈNCIA,VALENCIA,11,""20,0"",""0,0"",""14,5"",""25,4"",""13,2"""
"2021-05-12,8416,VALÈNCIA,VALENCIA,11,""21,0"",""0,0"",""15,0"",""27,0"",""8,0"""
"2021-05-13,8416,VALÈNCIA,VALENCIA,11,""22,0"",""0,0"",""16,0"",""28,1"",""12,0"""
"2021-05-14,8416,VALÈNCIA,VALENCIA,11,""19,8"",""0,0"",""16,6"",""23,0"",""12,2"""
"2021-05-15,8416,VALÈNCIA,VALENCIA,11,""23,9"",""0,0"",""15,2"",""32,6"",""8,0"""
"2021-05-16,8416,VALÈNCIA,VALENCIA,11,""28,2"",""0,0"",""21,5"",""35,0"",""11,5"""
"2021-05-17,8416,VALÈNCIA,VALENCIA,11,""20,4"",""0,0"",""18,1"",""22,6"",""8,0"""
"2021-05-18,8416,VALÈNCIA,VALENCIA,11,""20,5"",""0,0"",""17,0"",""24,0"",""11,2"""
"2021-05-19,8416,VALÈNCIA,VALENCIA,11,""19,8"",""0,0"",""17,4"",""22,2"",""5,2"""
"2021-05-20,8416,VALÈNCIA,VALENCIA,11,""18,4"",""0,0"",""15,2"",""21,6"",""12,5"""
"2021-05-21,8416,VALÈNCIA,VALENCIA,11,""19,2"",""0,0"",""15,6"",""22,8"",""12,0"""
"2021-05-22,8416,VALÈNCIA,VALENCIA,11,""19,8"",""0,0"",""17,0"",""22,5"",""6,5"""
"2021-05-23,8416,VALÈNCIA,VALENCIA,11,""17,0"",""16,0"",""16,0"",""18,0"",""0,0"""
"2021-05-24,8416,VALÈNCIA,VALENCIA,11,""20,7"",""0,0"",""13,0"",""28,4"",""13,5"""
"2021-05-25,8416,VALÈNCIA,VALENCIA,11,""18,7"",""0,0"",""16,0"",""21,4"",""8,5"""
"2021-05-26,8416,VALÈNCIA,VALENCIA,11,""19,5"",""0,0"",""17,0"",""22,0"",""9,0"""
"2021-05-27,8416,VALÈNCIA,VALENCIA,11,""19,0"",Ip,""15,5"",""22,6"",""8,0"""
"2021-05-28,8416,VALÈNCIA,VALENCIA,11,""20,8"",""0,4"",""17,5"",""24,0"",""6,6"""
"2021-05-29,8416,VALÈNCIA,VALENCIA,11,""21,0"",""0,0"",""15,5"",""26,4"",""13,5"""
"2021-05-30,8416,VALÈNCIA,VALENCIA,11,""21,8"",""0,0"",""17,2"",""26,3"",""10,2"""
"2021-05-31,8416,VALÈNCIA,VALENCIA,11,""21,0"",""0,0"",""17,6"",""24,5"",""4,6"""
"2021-06-01,8416,VALÈNCIA,VALENCIA,11,""20,8"",""3,2"",""18,2"",""23,3"",""2,2"""
"2021-06-02,8416,VALÈNCIA,VALENCIA,11,""21,6"",""0,0"",""17,7"",""25,5"",""8,5"""
"2021-06-03,8416,VALÈNCIA,VALENCIA,11,""22,0"",""0,0"",""18,7"",""25,3"",""6,0"""
"2021-06-04,8416,VALÈNCIA,VALENCIA,11,""22,2"",""0,0"",""19,3"",""25,0"",""4,0"""
"2021-06-05,8416,VALÈNCIA,VALENCIA,11,""21,3"",""2,8"",""20,0"",""22,6"",""1,2"""
"2021-06-06,8416,VALÈNCIA,VALENCIA,11,""20,9"",""0,0"",""17,2"",""24,6"",""12,5"""
"2021-06-07,8416,VALÈNCIA,VALENCIA,11,""21,7"",""0,0"",""17,2"",""26,2"",""13,0"""
"2021-06-08,8416,VALÈNCIA,VALENCIA,11,""22,5"",""2,0"",""19,6"",""25,4"",""5,1"""
"2021-06-09,8416,VALÈNCIA,VALENCIA,11,""22,5"",""0,0"",""19,2"",""25,8"",""7,3"""
"2021-06-10,8416,VALÈNCIA,VALENCIA,11,""22,7"",""0,0"",""19,0"",""26,4"",""10,8"""
"2021-06-11,8416,VALÈNCIA,VALENCIA,11,""23,4"",""0,0"",""18,8"",""28,0"",""11,3"""
"2021-06-12,8416,VALÈNCIA,VALENCIA,11,""24,5"",""0,0"",""20,0"",""29,0"",""12,5"""
"2021-06-13,8416,VALÈNCIA,VALENCIA,11,""25,4"",""0,0"",""20,5"",""30,2"",""9,8"""
"2021-06-14,8416,VALÈNCIA,VALENCIA,11,""25,8"",Ip,""20,5"",""31,0"",""10,3"""
"2021-06-15,8416,VALÈNCIA,VALENCIA,11,""26,5"",""0,0"",""21,0"",""32,0"",""9,0"""
"2021-06-16,8416,VALÈNCIA,VALENCIA,11,""25,8"",""1,2"",""22,0"",""29,6"",""5,5"""
"2021-06-17,8416,VALÈNCIA,VALENCIA,11,""24,3"",""1,0"",""20,4"",""28,2"",""6,5"""
"2021-06-18,8416,VALÈNCIA,VALENCIA,11,""23,0"",""0,2"",""20,0"",""26,0"",""5,5"""
"2021-06-19,8416,VALÈNCIA,VALENCIA,11,""23,8"",""5,0"",""21,4"",""26,2"",""1,5"""
"2021-06-20,8416,VALÈNCIA,VALENCIA,11,""25,1"",""0,0"",""19,8"",""30,4"",""8,0"""
"2021-06-21,8416,VALÈNCIA,VALENCIA,11,""26,6"",""0,0"",""21,5"",""31,8"",""13,4"""
"2021-06-22,8416,VALÈNCIA,VALENCIA,11,""23,2"",""5,0"",""19,4"",""27,0"",""13,6"""
"2021-06-23,8416,VALÈNCIA,VALENCIA,11,""21,6"",""0,0"",""18,2"",""25,0"",""10,0"""
"2021-06-24,8416,VALÈNCIA,VALENCIA,11,""22,2"",""0,0"",""18,5"",""26,0"",""14,0"""
"2021-06-25,8416,VALÈNCIA,VALENCIA,11,""22,5"",""0,0"",""18,0"",""27,0"",""14,0"""
"2021-06-26,8416,VALÈNCIA,VALENCIA,11,""23,3"",""0,0"",""19,6"",""27,0"",""14,1"""
"2021-06-27,8416,VALÈNCIA,VALENCIA,11,""24,6"",""0,0"",""19,8"",""29,4"",""14,0"""
"2021-06-28,8416,VALÈNCIA,VALENCIA,11,""23,8"",""0,0"",""20,2"",""27,4"",""14,2"""
"2021-06-29,8416,VALÈNCIA,VALENCIA,11,""23,4"",""0,0"",""19,4"",""27,4"",""11,5"""
"2021-06-30,8416,VALÈNCIA,VALENCIA,11,""24,6"",""0,0"",""21,8"",""27,4"",""9,0"""
"2021-07-01,8416,VALÈNCIA,VALENCIA,11,""25,0"",""0,0"",""21,8"",""28,2"",""12,0"""
"2021-07-02,8416,VALÈNCIA,VALENCIA,11,""24,4"",""0,0"",""20,8"",""28,1"",""12,0"""
"2021-07-03,8416,VALÈNCIA,VALENCIA,11,""24,7"",""0,0"",""21,4"",""28,0"",""12,2"""
"2021-07-04,8416,VALÈNCIA,VALENCIA,11,""30,9"",""0,0"",""23,0"",""38,8"",""12,3"""
"2021-07-05,8416,VALÈNCIA,VALENCIA,11,""26,4"",""0,0"",""23,5"",""29,2"",""12,8"""
"2021-07-06,8416,VALÈNCIA,VALENCIA,11,""30,9"",""0,0"",""22,8"",""39,0"",""13,0"""
"2021-07-07,8416,VALÈNCIA,VALENCIA,11,""25,5"",""1,0"",""22,8"",""28,2"",""7,2"""
"2021-07-08,8416,VALÈNCIA,VALENCIA,11,""24,8"",""0,0"",""21,5"",""28,0"",""13,0"""
"2021-07-09,8416,VALÈNCIA,VALENCIA,11,""24,5"",""0,0"",""21,0"",""28,0"",""10,0"""
"2021-07-10,8416,VALÈNCIA,VALENCIA,11,""24,8"",""0,0"",""20,8"",""28,8"",""13,0"""
"2021-07-11,8416,VALÈNCIA,VALENCIA,11,""25,8"",""0,0"",""22,8"",""28,8"",""7,5"""
"2021-07-12,8416,VALÈNCIA,VALENCIA,11,""31,3"",""0,0"",""23,0"",""39,6"",""9,0"""
"2021-07-13,8416,VALÈNCIA,VALENCIA,11,""24,4"",""0,0"",""20,2"",""28,7"",""13,2"""
"2021-07-14,8416,VALÈNCIA,VALENCIA,11,""23,0"",""0,0"",""19,6"",""26,4"",""13,5"""
"2021-07-15,8416,VALÈNCIA,VALENCIA,11,""23,2"",Ip,""19,8"",""26,7"",""10,0"""
"2021-07-16,8416,VALÈNCIA,VALENCIA,11,""23,9"",""0,0"",""20,0"",""27,8"",""12,8"""
"2021-07-17,8416,VALÈNCIA,VALENCIA,11,""25,8"",""0,0"",""22,5"",""29,2"",""10,0"""
"2021-07-18,8416,VALÈNCIA,VALENCIA,11,""25,7"",""0,0"",""22,2"",""29,2"",""10,6"""
"2021-07-19,8416,VALÈNCIA,VALENCIA,11,""26,2"",""0,0"",""22,5"",""29,8"",""12,5"""
"2021-07-20,8416,VALÈNCIA,VALENCIA,11,""26,1"",""0,0"",""22,2"",""30,0"",""10,0"""
"2021-07-21,8416,VALÈNCIA,VALENCIA,11,""26,6"",""0,0"",""23,6"",""29,6"",""13,0"""
"2021-07-22,8416,VALÈNCIA,VALENCIA,11,""26,7"",""0,0"",""22,2"",""31,2"",""13,2"""
"2021-07-23,8416,VALÈNCIA,VALENCIA,11,""26,6"",""0,0"",""22,2"",""31,0"",""10,8"""
"2021-07-24,8416,VALÈNCIA,VALENCIA,11,""26,5"",""0,0"",""23,0"",""30,0"",""11,0"""
"2021-07-25,8416,VALÈNCIA,VALENCIA,11,""26,7"",""8,6"",""24,2"",""29,2"",""6,2"""
"2021-07-26,8416,VALÈNCIA,VALENCIA,11,""22,8"",""1,6"",""19,6"",""26,0"",""4,5"""
"2021-07-27,8416,VALÈNCIA,VALENCIA,11,""24,2"",""0,0"",""19,4"",""29,0"",""13,4"""
"2021-07-28,8416,VALÈNCIA,VALENCIA,11,""25,6"",""0,0"",""22,0"",""29,2"",""10,2"""
"2021-07-29,8416,VALÈNCIA,VALENCIA,11,""25,8"",""0,0"",""22,5"",""29,2"",""11,8"""
"2021-07-30,8416,VALÈNCIA,VALENCIA,11,""26,0"",""0,0"",""22,6"",""29,5"",""13,0"""
"2021-07-31,8416,VALÈNCIA,VALENCIA,11,""27,9"",""0,0"",""24,4"",""31,4"",""10,2"""
"2021-08-01,8416,VALÈNCIA,VALENCIA,11,""24,0"",""0,0"",""20,5"",""27,6"",""12,2"""
"2021-08-02,8416,VALÈNCIA,VALENCIA,11,""25,1"",""0,0"",""22,0"",""28,2"",""10,0"""
"2021-08-03,8416,VALÈNCIA,VALENCIA,11,""25,4"",""0,0"",""21,7"",""29,0"",""12,2"""
"2021-08-04,8416,VALÈNCIA,VALENCIA,11,""28,8"",""0,0"",""23,2"",""34,4"",""10,5"""
"2021-08-05,8416,VALÈNCIA,VALENCIA,11,""26,2"",""0,0"",""22,4"",""30,0"",""12,1"""
"2021-08-06,8416,VALÈNCIA,VALENCIA,11,""26,1"",""0,0"",""22,4"",""29,8"",""11,3"""
"2021-08-07,8416,VALÈNCIA,VALENCIA,11,""31,1"",""0,0"",""23,2"",""39,0"",""12,7"""
"2021-08-08,8416,VALÈNCIA,VALENCIA,11,""24,2"",""3,6"",""22,0"",""26,4"",""1,8"""
"2021-08-09,8416,VALÈNCIA,VALENCIA,11,""25,2"",Ip,""21,8"",""28,6"",""5,8"""
"2021-08-10,8416,VALÈNCIA,VALENCIA,11,""24,8"",Ip,""21,5"",""28,0"",""2,2"""
"2021-08-11,8416,VALÈNCIA,VALENCIA,11,""26,8"",""0,0"",""23,0"",""30,5"",""7,8"""
"2021-08-12,8416,VALÈNCIA,VALENCIA,11,""30,1"",""0,0"",""23,8"",""36,4"",""9,5"""
"2021-08-13,8416,VALÈNCIA,VALENCIA,11,""26,5"",""0,0"",""23,0"",""30,0"",""11,5"""
"2021-08-14,8416,VALÈNCIA,VALENCIA,11,""28,0"",""0,2"",""25,2"",""30,8"",""8,8"""
"2021-08-15,8416,VALÈNCIA,VALENCIA,11,""28,6"",Ip,""26,0"",""31,2"",""9,6"""
"2021-08-16,8416,VALÈNCIA,VALENCIA,11,""27,6"",""0,0"",""25,4"",""29,8"",""9,8"""
"2021-08-17,8416,VALÈNCIA,VALENCIA,11,""25,1"",""0,2"",""23,8"",""26,4"",""1,8"""
"2021-08-18,8416,VALÈNCIA,VALENCIA,11,""25,4"",""0,0"",""22,5"",""28,2"",""6,5"""
"2021-08-19,8416,VALÈNCIA,VALENCIA,11,""26,8"",""0,2"",""24,6"",""29,0"",""8,0"""
"2021-08-20,8416,VALÈNCIA,VALENCIA,11,""25,6"",""0,0"",""21,6"",""29,6"",""11,0"""
"2021-08-21,8416,VALÈNCIA,VALENCIA,11,""26,2"",""0,0"",""22,8"",""29,6"",""11,6"""
"2021-08-22,8416,VALÈNCIA,VALENCIA,11,""25,8"",""0,0"",""21,6"",""30,0"",""7,0"""
"2021-08-23,8416,VALÈNCIA,VALENCIA,11,""26,6"",""0,8"",""22,6"",""30,5"",""7,5"""
"2021-08-24,8416,VALÈNCIA,VALENCIA,11,""26,2"",""28,2"",""23,0"",""29,3"",""7,0"""
"2021-08-25,8416,VALÈNCIA,VALENCIA,11,""24,0"",""0,0"",""19,8"",""28,1"",""9,6"""
"2021-08-26,8416,VALÈNCIA,VALENCIA,11,""25,2"",""0,0"",""20,4"",""30,0"",""8,2"""
"2021-08-27,8416,VALÈNCIA,VALENCIA,11,""27,8"",""0,0"",""22,8"",""32,8"",""12,0"""
"2021-08-28,8416,VALÈNCIA,VALENCIA,11,""26,8"",""0,0"",""23,2"",""30,5"",""9,8"""
"2021-08-29,8416,VALÈNCIA,VALENCIA,11,""27,4"",""0,0"",""23,8"",""31,0"",""9,7"""
"2021-08-30,8416,VALÈNCIA,VALENCIA,11,""24,8"",""17,0"",""21,4"",""28,3"",""6,3"""
"2021-08-31,8416,VALÈNCIA,VALENCIA,11,""25,0"",""0,8"",""21,2"",""28,7"",""3,5"""
"2021-09-01,8416,VALÈNCIA,VALENCIA,11,""25,8"",""41,4"",""22,8"",""28,8"",""2,2"""
"2021-09-02,8416,VALÈNCIA,VALENCIA,11,""22,6"",""0,0"",""18,2"",""27,0"",""11,4"""
"2021-09-03,8416,VALÈNCIA,VALENCIA,11,""24,5"",""0,0"",""20,0"",""29,0"",""10,0"""
"2021-09-04,8416,VALÈNCIA,VALENCIA,11,""25,0"",""0,0"",""21,8"",""28,3"",""7,2"""
"2021-09-05,8416,VALÈNCIA,VALENCIA,11,""25,7"",""0,0"",""22,2"",""29,2"",""11,1"""
"2021-09-06,8416,VALÈNCIA,VALENCIA,11,""26,1"",""0,0"",""22,0"",""30,2"",""5,5"""
"2021-09-07,8416,VALÈNCIA,VALENCIA,11,""25,8"",""0,0"",""22,6"",""29,0"",""4,5"""
"2021-09-08,8416,VALÈNCIA,VALENCIA,11,""25,6"",""0,0"",""21,6"",""29,6"",""10,2"""
"2021-09-09,8416,VALÈNCIA,VALENCIA,11,""25,6"",""0,0"",""20,8"",""30,5"",""9,8"""
"2021-09-10,8416,VALÈNCIA,VALENCIA,11,""26,3"",""0,0"",""21,6"",""31,0"",""11,0"""
"2021-09-11,8416,VALÈNCIA,VALENCIA,11,""25,6"",""0,4"",""22,2"",""29,0"",""8,2"""
"2021-09-12,8416,VALÈNCIA,VALENCIA,11,""25,8"",""0,0"",""22,0"",""29,5"",""11,2"""
"2021-09-13,8416,VALÈNCIA,VALENCIA,11,""25,2"",Ip,""22,2"",""28,2"",""3,4"""
"2021-09-14,8416,VALÈNCIA,VALENCIA,11,""26,8"",""0,0"",""23,1"",""30,6"",""3,5"""
"2021-09-15,8416,VALÈNCIA,VALENCIA,11,""27,4"",""0,4"",""22,7"",""32,0"",""7,9"""
"2021-09-16,8416,VALÈNCIA,VALENCIA,11,""26,0"",""9,0"",""20,5"",""31,6"",""10,0"""
"2021-09-17,8416,VALÈNCIA,VALENCIA,11,""23,0"",""0,0"",""18,4"",""27,6"",""10,4"""
"2021-09-18,8416,VALÈNCIA,VALENCIA,11,""25,3"",""0,0"",""20,6"",""30,0"",""10,3"""
"2021-09-19,8416,VALÈNCIA,VALENCIA,11,""23,1"",""0,0"",""20,2"",""26,0"",""10,4"""
"2021-09-20,8416,VALÈNCIA,VALENCIA,11,""23,2"",""6,0"",""19,0"",""27,4"",""8,0"""
"2021-09-21,8416,VALÈNCIA,VALENCIA,11,""20,2"",""6,4"",""16,0"",""24,4"",""8,2"""
"2021-09-22,8416,VALÈNCIA,VALENCIA,11,""20,8"",""2,8"",""16,2"",""25,4"",""6,9"""
"2021-09-23,8416,VALÈNCIA,VALENCIA,11,""20,7"",Ip,""16,4"",""25,0"",""5,5"""
"2021-09-24,8416,VALÈNCIA,VALENCIA,11,""22,7"",""0,2"",""19,8"",""25,6"",""0,2"""
"2021-09-25,8416,VALÈNCIA,VALENCIA,11,""24,8"",""3,5"",""21,2"",""28,4"",""5,6"""
"2021-09-26,8416,VALÈNCIA,VALENCIA,11,""24,8"",""0,0"",""18,5"",""31,2"",""10,7"""
"2021-09-27,8416,VALÈNCIA,VALENCIA,11,""24,2"",""0,0"",""18,6"",""29,8"",""10,8"""
"2021-09-28,8416,VALÈNCIA,VALENCIA,11,""22,7"",""0,0"",""18,3"",""27,1"",""8,2"""
"2021-09-29,8416,VALÈNCIA,VALENCIA,11,""22,7"",""0,0"",""18,4"",""27,0"",""10,5"""
"2021-09-30,8416,VALÈNCIA,VALENCIA,11,""22,0"",""0,0"",""18,5"",""25,6"",""3,1"""
"2021-10-01,8416,VALÈNCIA,VALENCIA,11,""24,0"",""0,0"",""20,5"",""27,5"",""5,5"""
"2021-10-02,8416,VALÈNCIA,VALENCIA,11,""23,5"",""0,0"",""20,2"",""26,8"",""8,2"""
"2021-10-03,8416,VALÈNCIA,VALENCIA,11,""24,9"",""8,2"",""19,2"",""30,6"",""7,7"""
"2021-10-04,8416,VALÈNCIA,VALENCIA,11,""19,2"",""0,0"",""14,4"",""24,0"",""6,0"""
"2021-10-05,8416,VALÈNCIA,VALENCIA,11,""21,5"",""0,0"",""13,8"",""29,2"",""10,4"""
"2021-10-06,8416,VALÈNCIA,VALENCIA,11,""19,5"",""0,0"",""14,0"",""25,0"",""10,0"""
"2021-10-07,8416,VALÈNCIA,VALENCIA,11,""20,2"",""0,0"",""16,0"",""24,4"",""10,2"""
"2021-10-08,8416,VALÈNCIA,VALENCIA,11,""20,8"",""0,0"",""16,3"",""25,2"",""10,2"""
"2021-10-09,8416,VALÈNCIA,VALENCIA,11,""21,1"",Ip,""17,2"",""25,0"",""9,0"""
"2021-10-10,8416,VALÈNCIA,VALENCIA,11,""20,4"",""0,0"",""17,8"",""23,0"",""3,5"""
"2021-10-11,8416,VALÈNCIA,VALENCIA,11,""21,2"",""0,0"",""17,6"",""24,8"",""6,0"""
"2021-10-12,8416,VALÈNCIA,VALENCIA,11,""20,8"",""0,0"",""15,4"",""26,2"",""10,2"""
"2021-10-13,8416,VALÈNCIA,VALENCIA,11,""19,9"",""0,0"",""15,3"",""24,5"",""9,2"""
"2021-10-14,8416,VALÈNCIA,VALENCIA,11,""20,0"",""0,0"",""15,5"",""24,4"",""9,6"""
"2021-10-15,8416,VALÈNCIA,VALENCIA,11,""21,8"",""0,0"",""16,5"",""27,0"",""8,0"""
"2021-10-16,8416,VALÈNCIA,VALENCIA,11,""20,4"",""0,0"",""15,8"",""25,0"",""4,9"""
"2021-10-17,8416,VALÈNCIA,VALENCIA,11,""19,4"",""0,5"",""17,0"",""21,8"",""0,0"""
"2021-10-18,8416,VALÈNCIA,VALENCIA,11,""20,0"",""0,0"",""15,8"",""24,2"",""9,0"""
"2021-10-19,8416,VALÈNCIA,VALENCIA,11,""20,1"",""0,0"",""15,2"",""25,0"",""9,5"""
"2021-10-20,8416,VALÈNCIA,VALENCIA,11,""20,3"",""0,0"",""16,0"",""24,6"",""9,6"""
"2021-10-21,8416,VALÈNCIA,VALENCIA,11,""21,4"",""4,0"",""15,8"",""27,0"",""7,5"""
"2021-10-22,8416,VALÈNCIA,VALENCIA,11,""16,8"",""8,4"",""14,4"",""19,2"",""0,0"""
"2021-10-23,8416,VALÈNCIA,VALENCIA,11,""18,7"",""0,0"",""14,2"",""23,2"",""9,0"""
"2021-10-24,8416,VALÈNCIA,VALENCIA,11,""18,0"",""0,0"",""13,5"",""22,4"",""10,5"""
"2021-10-25,8416,VALÈNCIA,VALENCIA,11,""17,5"",""0,0"",""13,0"",""22,0"",""9,5"""
"2021-10-26,8416,VALÈNCIA,VALENCIA,11,""17,7"",""0,0"",""13,2"",""22,2"",""9,0"""
"2021-10-27,8416,VALÈNCIA,VALENCIA,11,""18,2"",Ip,""13,2"",""23,2"",""9,8"""
"2021-10-28,8416,VALÈNCIA,VALENCIA,11,""18,0"",""0,0"",""13,5"",""22,6"",""5,5"""
"2021-10-29,8416,VALÈNCIA,VALENCIA,11,""19,4"",""1,2"",""15,0"",""23,8"",""1,5"""
"2021-10-30,8416,VALÈNCIA,VALENCIA,11,""19,4"",""1,7"",""15,6"",""23,1"",""0,0"""
"2021-10-31,8416,VALÈNCIA,VALENCIA,11,""22,6"",""1,0"",""17,0"",""28,2"",""5,8"""
"2021-11-01,8416,VALÈNCIA,VALENCIA,11,""23,2"",""0,4"",""18,6"",""27,8"",""6,0"""
"2021-11-02,8416,VALÈNCIA,VALENCIA,11,""17,4"",""0,2"",""16,0"",""18,8"",""0,0"""
"2021-11-03,8416,VALÈNCIA,VALENCIA,11,""17,4"",""0,0"",""13,5"",""21,2"",""7,8"""
"2021-11-04,8416,VALÈNCIA,VALENCIA,11,""14,2"",""0,0"",""9,8"",""18,7"",""7,6"""
"2021-11-05,8416,VALÈNCIA,VALENCIA,11,""14,0"",""0,0"",""8,6"",""19,5"",""8,0"""
"2021-11-06,8416,VALÈNCIA,VALENCIA,11,""14,4"",""0,0"",""8,5"",""20,4"",""9,2"""
"2021-11-07,8416,VALÈNCIA,VALENCIA,11,""15,0"",""0,0"",""8,3"",""21,6"",""9,4"""
"2021-11-08,8416,VALÈNCIA,VALENCIA,11,""16,5"",""0,0"",""9,0"",""24,0"",""9,5"""
"2021-11-09,8416,VALÈNCIA,VALENCIA,11,""14,7"",""0,7"",""9,2"",""20,2"",""8,4"""
"2021-11-10,8416,VALÈNCIA,VALENCIA,11,""15,3"",""0,0"",""9,0"",""21,6"",""5,0"""
"2021-11-11,8416,VALÈNCIA,VALENCIA,11,""17,2"",""1,0"",""11,0"",""23,5"",""4,2"""
"2021-11-12,8416,VALÈNCIA,VALENCIA,11,""16,6"",""2,0"",""12,2"",""21,0"",""0,8"""
"2021-11-13,8416,VALÈNCIA,VALENCIA,11,""16,9"",""0,0"",""13,2"",""20,6"",""8,2"""
"2021-11-14,8416,VALÈNCIA,VALENCIA,11,""16,0"",""0,0"",""11,5"",""20,4"",""9,0"""
"2021-11-15,8416,VALÈNCIA,VALENCIA,11,""16,1"",""0,0"",""12,2"",""20,0"",""9,2"""
"2021-11-16,8416,VALÈNCIA,VALENCIA,11,""14,6"",""0,0"",""8,9"",""20,4"",""9,5"""
"2021-11-17,8416,VALÈNCIA,VALENCIA,11,""14,5"",""0,0"",""9,4"",""19,6"",""8,0"""
"2021-11-18,8416,VALÈNCIA,VALENCIA,11,""14,1"",""2,4"",""12,0"",""16,2"",""0,2"""
"2021-11-19,8416,VALÈNCIA,VALENCIA,11,""15,0"",""21,8"",""12,2"",""17,8"",""2,0"""
"2021-11-20,8416,VALÈNCIA,VALENCIA,11,""14,3"",""4,4"",""13,0"",""15,6"",""0,0"""
"2021-11-21,8416,VALÈNCIA,VALENCIA,11,""16,5"",""0,2"",""12,4"",""20,6"",""4,2"""
"2021-11-22,8416,VALÈNCIA,VALENCIA,11,""14,4"",""47,9"",""12,2"",""16,5"",""1,5"""
"2021-11-23,8416,VALÈNCIA,VALENCIA,11,""12,8"",""0,6"",""9,7"",""16,0"",""8,8"""
"2021-11-24,8416,VALÈNCIA,VALENCIA,11,""10,6"",""2,4"",""7,9"",""13,2"",""2,2"""
"2021-11-25,8416,VALÈNCIA,VALENCIA,11,""12,4"",""0,0"",""7,5"",""17,4"",""4,5"""
"2021-11-26,8416,VALÈNCIA,VALENCIA,11,""12,4"",""0,0"",""6,9"",""18,0"",""8,6"""
"2021-11-27,8416,VALÈNCIA,VALENCIA,11,""12,7"",Ip,""7,4"",""18,0"",""6,8"""
"2021-11-28,8416,VALÈNCIA,VALENCIA,11,""10,3"",""0,0"",""6,2"",""14,4"",""3,8"""
"2021-11-29,8416,VALÈNCIA,VALENCIA,11,""13,7"",""0,0"",""6,7"",""20,7"",""7,7"""
"2021-11-30,8416,VALÈNCIA,VALENCIA,11,""13,8"",""0,0"",""9,4"",""18,2"",""9,0"""
"2021-12-01,8416,VALÈNCIA,VALENCIA,11,""13,6"",""0,5"",""8,1"",""19,0"",""8,2"""
"2021-12-02,8416,VALÈNCIA,VALENCIA,11,""12,5"",""0,0"",""8,2"",""16,8"",""8,0"""
"2021-12-03,8416,VALÈNCIA,VALENCIA,11,""13,5"",""0,0"",""8,4"",""18,6"",""8,8"""
"2021-12-04,8416,VALÈNCIA,VALENCIA,11,""15,2"",""0,0"",""9,0"",""21,5"",""7,6"""
"2021-12-05,8416,VALÈNCIA,VALENCIA,11,""14,2"",""0,0"",""10,5"",""17,8"",""7,2"""
"2021-12-06,8416,VALÈNCIA,VALENCIA,11,""13,7"",""0,0"",""7,8"",""19,6"",""9,0"""
"2021-12-07,8416,VALÈNCIA,VALENCIA,11,""15,2"",Ip,""10,0"",""20,5"",""7,0"""
"2021-12-08,8416,VALÈNCIA,VALENCIA,11,""14,2"",""0,0"",""10,5"",""18,0"",""8,1"""
"2021-12-09,8416,VALÈNCIA,VALENCIA,11,""13,8"",""0,0"",""9,2"",""18,3"",""8,2"""
"2021-12-10,8416,VALÈNCIA,VALENCIA,11,""14,5"",""0,0"",""9,4"",""19,6"",""1,4"""
"2021-12-11,8416,VALÈNCIA,VALENCIA,11,""17,8"",""0,0"",""13,0"",""22,6"",""8,4"""
"2021-12-12,8416,VALÈNCIA,VALENCIA,11,""14,6"",""0,0"",""9,5"",""19,8"",""8,6"""
"2021-12-13,8416,VALÈNCIA,VALENCIA,11,""13,2"",""0,0"",""8,2"",""18,2"",""8,5"""
"2021-12-14,8416,VALÈNCIA,VALENCIA,11,""12,5"",""0,0"",""7,4"",""17,6"",""8,2"""
"2021-12-15,8416,VALÈNCIA,VALENCIA,11,""12,6"",""0,0"",""7,2"",""18,0"",""7,8"""
"2021-12-16,8416,VALÈNCIA,VALENCIA,11,""11,7"",""0,0"",""7,2"",""16,2"",""4,5"""
"2021-12-17,8416,VALÈNCIA,VALENCIA,11,""11,4"",""0,0"",""8,8"",""14,0"",""0,5"""
"2021-12-18,8416,VALÈNCIA,VALENCIA,11,""11,4"",Ip,""9,2"",""13,6"",""0,0"""
"2021-12-19,8416,VALÈNCIA,VALENCIA,11,""13,5"",""0,0"",""11,2"",""15,8"",""4,6"""
"2021-12-20,8416,VALÈNCIA,VALENCIA,11,""12,4"",""0,0"",""6,4"",""18,5"",""6,2"""
"2021-12-21,8416,VALÈNCIA,VALENCIA,11,""14,4"",""0,0"",""6,5"",""22,2"",""3,5"""
"2021-12-22,8416,VALÈNCIA,VALENCIA,11,""12,4"",""0,0"",""10,6"",""14,2"",""0,2"""
"2021-12-23,8416,VALÈNCIA,VALENCIA,11,""15,0"",""0,0"",""11,5"",""18,5"",""4,3"""
"2021-12-24,8416,VALÈNCIA,VALENCIA,11,""14,2"",Ip,""10,2"",""18,3"",""1,2"""
"2021-12-25,8416,VALÈNCIA,VALENCIA,11,""16,3"",""0,0"",""12,0"",""20,6"",""1,0"""
"2021-12-26,8416,VALÈNCIA,VALENCIA,11,""17,0"",Ip,""12,5"",""21,4"",""4,2"""
"2021-12-27,8416,VALÈNCIA,VALENCIA,11,""18,0"",""0,0"",""12,6"",""23,4"",""7,3"""
"2021-12-28,8416,VALÈNCIA,VALENCIA,11,""19,1"",""0,0"",""16,4"",""21,8"",""8,5"""
"2021-12-29,8416,VALÈNCIA,VALENCIA,11,""18,6"",""0,0"",""13,2"",""24,0"",""9,0"""
"2021-12-30,8416,VALÈNCIA,VALENCIA,11,""17,4"",""0,0"",""10,8"",""24,0"",""8,8"""
"2021-12-31,8416,VALÈNCIA,VALENCIA,11,""13,8"",""0,0"",""7,6"",""20,0"",""8,7"""
"2022-01-01,8416,VALÈNCIA,VALENCIA,11,""12,2"",""0,0"",""6,5"",""17,8"",""7,2"""
"2022-01-02,8416,VALÈNCIA,VALENCIA,11,""11,3"",""0,0"",""5,8"",""16,8"",""6,8"""
"2022-01-03,8416,VALÈNCIA,VALENCIA,11,""10,8"",""0,0"",""6,0"",""15,6"",""7,2"""
"2022-01-04,8416,VALÈNCIA,VALENCIA,11,""16,5"",""0,0"",""8,6"",""24,4"",""8,8"""
"2022-01-05,8416,VALÈNCIA,VALENCIA,11,""13,2"",""0,0"",""10,0"",""16,4"",""6,4"""
"2022-01-06,8416,VALÈNCIA,VALENCIA,11,""10,5"",""0,0"",""5,4"",""15,6"",""8,0"""
"2022-01-07,8416,VALÈNCIA,VALENCIA,11,""11,0"",""0,0"",""4,4"",""17,5"",""7,6"""
"2022-01-08,8416,VALÈNCIA,VALENCIA,11,""11,3"",""0,0"",""4,6"",""18,0"",""6,5"""
"2022-01-09,8416,VALÈNCIA,VALENCIA,11,""13,1"",""0,0"",""8,0"",""18,2"",""6,0"""
"2022-01-10,8416,VALÈNCIA,VALENCIA,11,""16,3"",""1,2"",""10,2"",""22,4"",""5,8"""
"2022-01-11,8416,VALÈNCIA,VALENCIA,11,""13,6"",""0,0"",""11,0"",""16,2"",""3,4"""
"2022-01-12,8416,VALÈNCIA,VALENCIA,11,""10,7"",""0,7"",""6,0"",""15,4"",""8,1"""
"2022-01-13,8416,VALÈNCIA,VALENCIA,11,""10,5"",""0,2"",""6,2"",""14,8"",""7,6"""
"2022-01-14,8416,VALÈNCIA,VALENCIA,11,""9,3"",""0,0"",""5,0"",""13,6"",""5,6"""
"2022-01-15,8416,VALÈNCIA,VALENCIA,11,""10,8"",""0,0"",""5,0"",""16,6"",""8,8"""
"2022-01-16,8416,VALÈNCIA,VALENCIA,11,""10,6"",""0,0"",""5,3"",""16,0"",""9,0"""
"2022-01-17,8416,VALÈNCIA,VALENCIA,11,""10,0"",""0,0"",""4,2"",""15,8"",""9,0"""
"2022-01-18,8416,VALÈNCIA,VALENCIA,11,""9,0"",""0,0"",""2,9"",""15,2"",""9,2"""
"2022-01-19,8416,VALÈNCIA,VALENCIA,11,""9,1"",""0,0"",""3,0"",""15,2"",""4,4"""
"2022-01-20,8416,VALÈNCIA,VALENCIA,11,""9,0"",""0,0"",""4,1"",""14,0"",""8,2"""
"2022-01-21,8416,VALÈNCIA,VALENCIA,11,""9,2"",""0,0"",""3,6"",""14,8"",""9,2"""
"2022-01-22,8416,VALÈNCIA,VALENCIA,11,""9,0"",""0,0"",""4,2"",""13,8"",""8,8"""
"2022-01-23,8416,VALÈNCIA,VALENCIA,11,""8,6"",""1,4"",""6,0"",""11,2"",""0,0"""
"2022-01-24,8416,VALÈNCIA,VALENCIA,11,""9,6"",""7,2"",""6,7"",""12,4"",""0,2"""
"2022-01-25,8416,VALÈNCIA,VALENCIA,11,""11,8"",""1,2"",""8,5"",""15,0"",""3,9"""
"2022-01-26,8416,VALÈNCIA,VALENCIA,11,""10,4"",""0,0"",""5,0"",""15,8"",""9,1"""
"2022-01-27,8416,VALÈNCIA,VALENCIA,11,""11,4"",""0,0"",""4,2"",""18,6"",""9,4"""
"2022-01-28,8416,VALÈNCIA,VALENCIA,11,""11,9"",""0,0"",""4,0"",""19,8"",""9,4"""
"2022-01-29,8416,VALÈNCIA,VALENCIA,11,""11,6"",""0,0"",""4,6"",""18,7"",""9,5"""
"2022-01-30,8416,VALÈNCIA,VALENCIA,11,""12,0"",""0,0"",""4,9"",""19,1"",""9,6"""
"2022-01-31,8416,VALÈNCIA,VALENCIA,11,""14,1"",""0,0"",""5,6"",""22,6"",""9,4"""
"2022-02-01,8416,VALÈNCIA,VALENCIA,11,""13,6"",""0,0"",""8,3"",""19,0"",""9,5"""
"2022-02-02,8416,VALÈNCIA,VALENCIA,11,""15,8"",""0,0"",""8,1"",""23,5"",""9,6"""
"2022-02-03,8416,VALÈNCIA,VALENCIA,11,""14,7"",""0,0"",""8,2"",""21,2"",""9,0"""
"2022-02-04,8416,VALÈNCIA,VALENCIA,11,""12,0"",Ip,""7,7"",""16,2"",""4,2"""
"2022-02-05,8416,VALÈNCIA,VALENCIA,11,""11,9"",Ip,""7,8"",""16,0"",""0,0"""
"2022-02-06,8416,VALÈNCIA,VALENCIA,11,""12,9"",""0,0"",""9,1"",""16,7"",""7,1"""
"2022-02-07,8416,VALÈNCIA,VALENCIA,11,""12,4"",""0,0"",""6,4"",""18,5"",""9,4"""
"2022-02-08,8416,VALÈNCIA,VALENCIA,11,""11,7"",""0,0"",""6,6"",""16,8"",""9,5"""
"2022-02-09,8416,VALÈNCIA,VALENCIA,11,""11,8"",""0,0"",""7,1"",""16,4"",""6,2"""
"2022-02-10,8416,VALÈNCIA,VALENCIA,11,""12,2"",""0,0"",""7,6"",""16,8"",""9,8"""
"2022-02-11,8416,VALÈNCIA,VALENCIA,11,""11,9"",""0,0"",""6,8"",""17,0"",""8,8"""
"2022-02-12,8416,VALÈNCIA,VALENCIA,11,""11,7"",""0,0"",""7,6"",""15,8"",""7,5"""
"2022-02-13,8416,VALÈNCIA,VALENCIA,11,""13,3"",""0,8"",""8,6"",""18,0"",""7,1"""
"2022-02-14,8416,VALÈNCIA,VALENCIA,11,""14,4"",""0,0"",""8,8"",""20,0"",""9,2"""
"2022-02-15,8416,VALÈNCIA,VALENCIA,11,""14,0"",""0,0"",""7,8"",""20,1"",""5,0"""
"2022-02-16,8416,VALÈNCIA,VALENCIA,11,""16,2"",""0,0"",""8,6"",""23,9"",""8,6"""
"2022-02-17,8416,VALÈNCIA,VALENCIA,11,""17,0"",""0,0"",""10,9"",""23,2"",""9,6"""
"2022-02-18,8416,VALÈNCIA,VALENCIA,11,""15,6"",""0,0"",""8,8"",""22,4"",""9,8"""
"2022-02-19,8416,VALÈNCIA,VALENCIA,11,""12,5"",""0,2"",""9,8"",""15,2"",""0,0"""
"2022-02-20,8416,VALÈNCIA,VALENCIA,11,""12,5"",""0,0"",""8,7"",""16,3"",""9,2"""
"2022-02-21,8416,VALÈNCIA,VALENCIA,11,""16,0"",""0,0"",""7,5"",""24,5"",""9,8"""
"2022-02-22,8416,VALÈNCIA,VALENCIA,11,""14,0"",""0,0"",""8,4"",""19,5"",""9,8"""
"2022-02-23,8416,VALÈNCIA,VALENCIA,11,""12,4"",""0,0"",""7,5"",""17,4"",""7,1"""
"2022-02-24,8416,VALÈNCIA,VALENCIA,11,""12,2"",""2,8"",""7,5"",""16,8"",""7,0"""
"2022-02-25,8416,VALÈNCIA,VALENCIA,11,""11,3"",""2,0"",""8,4"",""14,2"",""0,0"""
"2022-02-26,8416,VALÈNCIA,VALENCIA,11,""11,7"",""0,1"",""10,4"",""13,0"",""0,0"""
"2022-02-27,8416,VALÈNCIA,VALENCIA,11,""12,6"",Ip,""10,0"",""15,1"",""2,8"""
"2022-02-28,8416,VALÈNCIA,VALENCIA,11,""13,8"",""0,0"",""10,5"",""17,0"",""8,1"""
"2022-03-01,8416,VALÈNCIA,VALENCIA,11,""13,6"",""0,0"",""7,0"",""20,1"",""10,2"""
"2022-03-02,8416,VALÈNCIA,VALENCIA,11,""15,8"",""0,0"",""8,1"",""23,6"",""9,1"""
"2022-03-03,8416,VALÈNCIA,VALENCIA,11,""13,0"",""26,7"",""8,8"",""17,2"",""7,1"""
"2022-03-04,8416,VALÈNCIA,VALENCIA,11,""13,4"",""0,0"",""9,9"",""16,9"",""4,2"""
"2022-03-05,8416,VALÈNCIA,VALENCIA,11,""12,6"",Ip,""10,2"",""15,0"",""2,8"""
"2022-03-06,8416,VALÈNCIA,VALENCIA,11,""11,7"",""11,8"",""10,2"",""13,2"",""0,0"""
"2022-03-07,8416,VALÈNCIA,VALENCIA,11,""10,3"",""8,9"",""9,0"",""11,6"",""0,0"""
"2022-03-08,8416,VALÈNCIA,VALENCIA,11,""12,0"",""0,0"",""7,9"",""16,2"",""3,5"""
"2022-03-09,8416,VALÈNCIA,VALENCIA,11,""11,4"",""0,0"",""6,3"",""16,4"",""10,2"""
"2022-03-10,8416,VALÈNCIA,VALENCIA,11,""12,6"",""0,0"",""8,1"",""17,2"",""7,8"""
"2022-03-11,8416,VALÈNCIA,VALENCIA,11,""13,0"",""2,0"",""9,4"",""16,6"",""0,8"""
"2022-03-12,8416,VALÈNCIA,VALENCIA,11,""15,6"",Ip,""9,7"",""21,5"",""9,2"""
"2022-03-13,8416,VALÈNCIA,VALENCIA,11,""14,6"",""2,2"",""9,8"",""19,5"",""7,2"""
"2022-03-14,8416,VALÈNCIA,VALENCIA,11,""14,0"",Ip,""12,4"",""15,5"",""0,0"""
"2022-03-15,8416,VALÈNCIA,VALENCIA,11,""14,6"",""0,0"",""13,5"",""15,8"",""0,0"""
"2022-03-16,8416,VALÈNCIA,VALENCIA,11,""14,5"",""23,8"",""13,8"",""15,2"",""0,0"""
"2022-03-17,8416,VALÈNCIA,VALENCIA,11,""13,1"",""12,9"",""11,6"",""14,6"",""0,0"""
"2022-03-18,8416,VALÈNCIA,VALENCIA,11,""13,8"",""0,8"",""11,4"",""16,3"",""1,3"""
"2022-03-19,8416,VALÈNCIA,VALENCIA,11,""12,2"",""5,0"",""11,0"",""13,5"",""0,0"""
"2022-03-20,8416,VALÈNCIA,VALENCIA,11,""13,8"",""6,9"",""11,6"",""16,0"",""0,7"""
"2022-03-21,8416,VALÈNCIA,VALENCIA,11,""13,2"",""47,7"",""11,8"",""14,7"",""0,0"""
"2022-03-22,8416,VALÈNCIA,VALENCIA,11,""14,0"",""1,4"",""11,4"",""16,5"",""1,2"""
"2022-03-23,8416,VALÈNCIA,VALENCIA,11,""12,6"",""23,7"",""11,3"",""14,0"",""0,0"""
"2022-03-24,8416,VALÈNCIA,VALENCIA,11,""11,0"",""5,2"",""9,7"",""12,2"",""0,0"""
"2022-03-25,8416,VALÈNCIA,VALENCIA,11,""11,5"",""3,6"",""10,0"",""13,0"",""0,0"""
"2022-03-26,8416,VALÈNCIA,VALENCIA,11,""12,4"",""0,0"",""11,4"",""13,5"",""0,0"""
"2022-03-27,8416,VALÈNCIA,VALENCIA,11,""14,5"",""0,0"",""11,0"",""18,0"",""4,2"""
"2022-03-28,8416,VALÈNCIA,VALENCIA,11,""12,9"",""0,0"",""9,0"",""16,8"",""4,4"""
"2022-03-29,8416,VALÈNCIA,VALENCIA,11,""13,6"",""0,0"",""10,2"",""17,1"",""3,8"""
"2022-03-30,8416,VALÈNCIA,VALENCIA,11,""14,2"",""12,7"",""10,6"",""17,9"",""0,2"""
"2022-03-31,8416,VALÈNCIA,VALENCIA,11,""14,9"",Ip,""9,4"",""20,4"",""8,2"""
"2022-04-01,8416,VALÈNCIA,VALENCIA,11,""13,1"",""0,0"",""9,6"",""16,6"",""10,2"""
"2022-04-02,8416,VALÈNCIA,VALENCIA,11,""11,0"",""0,0"",""5,2"",""16,8"",""11,4"""
"2022-04-03,8416,VALÈNCIA,VALENCIA,11,""8,6"",""2,2"",""4,4"",""12,8"",""11,6"""
"2022-04-04,8416,VALÈNCIA,VALENCIA,11,""9,1"",Ip,""6,8"",""11,4"",""0,0"""
"2022-04-05,8416,VALÈNCIA,VALENCIA,11,""10,5"",""3,7"",""7,8"",""13,2"",""0,0"""
"2022-04-06,8416,VALÈNCIA,VALENCIA,11,""13,8"",""0,0"",""7,9"",""19,6"",""6,4"""
"2022-04-07,8416,VALÈNCIA,VALENCIA,11,""17,5"",""0,0"",""8,8"",""26,2"",""11,5"""
"2022-04-08,8416,VALÈNCIA,VALENCIA,11,""19,8"",""0,0"",""14,2"",""25,5"",""8,9"""
"2022-04-09,8416,VALÈNCIA,VALENCIA,11,""20,8"",""0,0"",""15,8"",""25,8"",""9,2"""
"2022-04-10,8416,VALÈNCIA,VALENCIA,11,""14,4"",""0,0"",""12,3"",""16,6"",""0,2"""
"2022-04-11,8416,VALÈNCIA,VALENCIA,11,""13,5"",""0,0"",""10,5"",""16,5"",""2,4"""
"2022-04-12,8416,VALÈNCIA,VALENCIA,11,""14,2"",""4,8"",""13,1"",""15,2"",""0,0"""
"2022-04-13,8416,VALÈNCIA,VALENCIA,11,""14,7"",""14,6"",""13,0"",""16,4"",""0,0"""
"2022-04-14,8416,VALÈNCIA,VALENCIA,11,""17,2"",""0,0"",""12,0"",""22,4"",""6,5"""
"2022-04-15,8416,VALÈNCIA,VALENCIA,11,""18,6"",""0,0"",""12,3"",""24,8"",""6,6"""
"2022-04-16,8416,VALÈNCIA,VALENCIA,11,""20,2"",""0,0"",""13,3"",""27,2"",""11,4"""
"2022-04-17,8416,VALÈNCIA,VALENCIA,11,""18,9"",""0,0"",""13,7"",""24,1"",""11,5"""
"2022-04-18,8416,VALÈNCIA,VALENCIA,11,""16,6"",""2,5"",""13,0"",""20,2"",""10,6"""
"2022-04-19,8416,VALÈNCIA,VALENCIA,11,""16,7"",""3,9"",""13,8"",""19,6"",""1,8"""
"2022-04-20,8416,VALÈNCIA,VALENCIA,11,""13,5"",""40,7"",""12,0"",""15,0"",""0,0"""
"2022-04-21,8416,VALÈNCIA,VALENCIA,11,""14,5"",""0,0"",""10,0"",""19,0"",""8,2"""
"2022-04-22,8416,VALÈNCIA,VALENCIA,11,""15,6"",""1,0"",""11,5"",""19,6"",""4,1"""
"2022-04-23,8416,VALÈNCIA,VALENCIA,11,""16,0"",""0,0"",""11,8"",""20,2"",""9,1"""
"2022-04-24,8416,VALÈNCIA,VALENCIA,11,""19,1"",""0,0"",""13,0"",""25,2"",""12,4"""
"2022-04-25,8416,VALÈNCIA,VALENCIA,11,""15,7"",""0,0"",""11,9"",""19,5"",""12,5"""
"2022-04-26,8416,VALÈNCIA,VALENCIA,11,""15,4"",""0,0"",""11,5"",""19,3"",""10,8"""
"2022-04-27,8416,VALÈNCIA,VALENCIA,11,""15,4"",""8,6"",""12,2"",""18,7"",""0,2"""
"2022-04-28,8416,VALÈNCIA,VALENCIA,11,""16,0"",""0,5"",""14,0"",""18,1"",""0,4"""
"2022-04-29,8416,VALÈNCIA,VALENCIA,11,""16,8"",""0,0"",""11,5"",""22,2"",""11,8"""
"2022-04-30,8416,VALÈNCIA,VALENCIA,11,""19,3"",""0,2"",""13,1"",""25,5"",""8,0"""
"2022-05-01,8416,VALÈNCIA,VALENCIA,11,""17,8"",""0,0"",""14,2"",""21,4"",""11,0"""
"2022-05-02,8416,VALÈNCIA,VALENCIA,11,""17,1"",""59,8"",""14,2"",""20,0"",""1,8"""
"2022-05-03,8416,VALÈNCIA,VALENCIA,11,""14,4"",""172,4"",""13,2"",""15,5"",""0,1"""
"2022-05-04,8416,VALÈNCIA,VALENCIA,11,""15,2"",""1,7"",""12,8"",""17,6"",""0,0"""
"2022-05-05,8416,VALÈNCIA,VALENCIA,11,""18,6"",""0,0"",""14,0"",""23,2"",""8,5"""
"2022-05-06,8416,VALÈNCIA,VALENCIA,11,""17,6"",""0,0"",""12,1"",""23,2"",""12,9"""
"2022-05-07,8416,VALÈNCIA,VALENCIA,11,""18,4"",""0,0"",""12,7"",""24,0"",""13,0"""
"2022-05-08,8416,VALÈNCIA,VALENCIA,11,""18,3"",""0,0"",""13,5"",""23,1"",""12,5"""
"2022-05-09,8416,VALÈNCIA,VALENCIA,11,""18,1"",""0,0"",""14,0"",""22,2"",""11,4"""
"2022-05-10,8416,VALÈNCIA,VALENCIA,11,""19,4"",""0,0"",""13,8"",""25,1"",""12,8"""
"2022-05-11,8416,VALÈNCIA,VALENCIA,11,""18,6"",""0,0"",""14,3"",""23,0"",""12,2"""
"2022-05-12,8416,VALÈNCIA,VALENCIA,11,""18,9"",""0,0"",""15,2"",""22,6"",""10,0"""
"2022-05-13,8416,VALÈNCIA,VALENCIA,11,""19,2"",""0,0"",""15,0"",""23,4"",""12,2"""
"2022-05-14,8416,VALÈNCIA,VALENCIA,11,""20,0"",""0,0"",""15,7"",""24,2"",""11,5"""
"2022-05-15,8416,VALÈNCIA,VALENCIA,11,""21,2"",""0,0"",""15,8"",""26,5"",""11,8"""
"2022-05-16,8416,VALÈNCIA,VALENCIA,11,""21,8"",""0,0"",""16,6"",""27,0"",""12,0"""
"2022-05-17,8416,VALÈNCIA,VALENCIA,11,""22,0"",""0,0"",""16,9"",""27,2"",""12,4"""
"2022-05-18,8416,VALÈNCIA,VALENCIA,11,""21,6"",""0,0"",""18,0"",""25,3"",""12,5"""
"2022-05-19,8416,VALÈNCIA,VALENCIA,11,""22,4"",""0,0"",""18,4"",""26,5"",""9,9"""
"2022-05-20,8416,VALÈNCIA,VALENCIA,11,""22,6"",""0,0"",""17,9"",""27,4"",""12,4"""
"2022-05-21,8416,VALÈNCIA,VALENCIA,11,""22,9"",""0,0"",""18,0"",""27,8"",""12,5"""
"2022-05-22,8416,VALÈNCIA,VALENCIA,11,""24,0"",""0,0"",""18,2"",""29,7"",""8,4"""
"2022-05-23,8416,VALÈNCIA,VALENCIA,11,""26,4"",""0,0"",""20,1"",""32,6"",""12,7"""
"2022-05-24,8416,VALÈNCIA,VALENCIA,11,""23,4"",""4,0"",""21,3"",""25,6"",""5,5"""
"2022-05-25,8416,VALÈNCIA,VALENCIA,11,""17,8"",""0,0"",""13,7"",""21,8"",""6,7"""
"2022-05-26,8416,VALÈNCIA,VALENCIA,11,""20,0"",""0,0"",""15,1"",""24,8"",""13,3"""
"2022-05-27,8416,VALÈNCIA,VALENCIA,11,""21,2"",""0,0"",""16,3"",""26,2"",""13,4"""
"2022-05-28,8416,VALÈNCIA,VALENCIA,11,""24,2"",""0,0"",""18,0"",""30,5"",""13,0"""
"2022-05-29,8416,VALÈNCIA,VALENCIA,11,""23,2"",""0,0"",""19,5"",""26,8"",""12,8"""
"2022-05-30,8416,VALÈNCIA,VALENCIA,11,""22,8"",""0,0"",""18,0"",""27,5"",""10,4"""
"2022-05-31,8416,VALÈNCIA,VALENCIA,11,""21,8"",""0,0"",""18,1"",""25,5"",""12,2"""
"2022-06-01,8416,VALÈNCIA,VALENCIA,11,""22,6"",""0,0"",""19,2"",""26,0"",""12,0"""
"2022-06-02,8416,VALÈNCIA,VALENCIA,11,""22,3"",""0,0"",""19,1"",""25,5"",""8,5"""
"2022-06-03,8416,VALÈNCIA,VALENCIA,11,""24,0"",""0,0"",""20,5"",""27,4"",""10,5"""
"2022-06-04,8416,VALÈNCIA,VALENCIA,11,""22,6"",""0,0"",""19,5"",""25,8"",""12,6"""
"2022-06-05,8416,VALÈNCIA,VALENCIA,11,""26,4"",""0,0"",""19,2"",""33,5"",""11,1"""
"2022-06-06,8416,VALÈNCIA,VALENCIA,11,""23,2"",""0,0"",""18,8"",""27,5"",""11,2"""
"2022-06-07,8416,VALÈNCIA,VALENCIA,11,""23,6"",""0,0"",""20,2"",""26,9"",""12,5"""
"2022-06-08,8416,VALÈNCIA,VALENCIA,11,""25,3"",""0,0"",""20,9"",""29,7"",""9,2"""
"2022-06-09,8416,VALÈNCIA,VALENCIA,11,""25,2"",""0,0"",""22,0"",""28,5"",""13,1"""
"2022-06-10,8416,VALÈNCIA,VALENCIA,11,""24,0"",""0,0"",""20,2"",""27,9"",""13,2"""
"2022-06-11,8416,VALÈNCIA,VALENCIA,11,""25,0"",""0,0"",""19,6"",""30,5"",""13,3"""
"2022-06-12,8416,VALÈNCIA,VALENCIA,11,""25,0"",""0,0"",""20,2"",""29,8"",""13,1"""
"2022-06-13,8416,VALÈNCIA,VALENCIA,11,""24,6"",""0,0"",""20,7"",""28,5"",""11,0"""
"2022-06-14,8416,VALÈNCIA,VALENCIA,11,""25,0"",""0,0"",""21,2"",""28,9"",""11,5"""
"2022-06-15,8416,VALÈNCIA,VALENCIA,11,""27,5"",""0,0"",""23,1"",""31,9"",""10,5"""
"2022-06-16,8416,VALÈNCIA,VALENCIA,11,""27,8"",""0,0"",""23,6"",""31,9"",""12,1"""
"2022-06-17,8416,VALÈNCIA,VALENCIA,11,""29,4"",""0,0"",""22,2"",""36,6"",""12,6"""
"2022-06-18,8416,VALÈNCIA,VALENCIA,11,""27,3"",""0,0"",""21,8"",""32,8"",""13,0"""
"2022-06-19,8416,VALÈNCIA,VALENCIA,11,""26,4"",""0,0"",""23,4"",""29,5"",""11,9"""
"2022-06-20,8416,VALÈNCIA,VALENCIA,11,""25,2"",""0,0"",""23,7"",""26,6"",""11,2"""
"2022-06-21,8416,VALÈNCIA,VALENCIA,11,""26,8"",""2,2"",""24,4"",""29,2"",""4,0"""
"2022-06-22,8416,VALÈNCIA,VALENCIA,11,""27,8"",""0,0"",""22,2"",""33,4"",""13,4"""
"2022-06-23,8416,VALÈNCIA,VALENCIA,11,""27,7"",""0,0"",""22,3"",""33,1"",""13,6"""
"2022-06-24,8416,VALÈNCIA,VALENCIA,11,""28,1"",""0,0"",""22,6"",""33,6"",""13,7"""
"2022-06-25,8416,VALÈNCIA,VALENCIA,11,""25,0"",""0,0"",""21,1"",""28,8"",""13,6"""
"2022-06-26,8416,VALÈNCIA,VALENCIA,11,""24,5"",""0,2"",""21,6"",""27,4"",""10,0"""
"2022-06-27,8416,VALÈNCIA,VALENCIA,11,""24,8"",""1,0"",""22,6"",""27,0"",""3,8"""
"2022-06-28,8416,VALÈNCIA,VALENCIA,11,""23,4"",""0,0"",""18,5"",""28,4"",""13,8"""
"2022-06-29,8416,VALÈNCIA,VALENCIA,11,""23,9"",""0,0"",""20,0"",""27,8"",""13,2"""
"2022-06-30,8416,VALÈNCIA,VALENCIA,11,""25,1"",""0,0"",""21,6"",""28,6"",""12,2"""
"2022-07-01,8416,VALÈNCIA,VALENCIA,11,""24,8"",""0,0"",""22,1"",""27,4"",""4,0"""
"2022-07-02,8416,VALÈNCIA,VALENCIA,11,""24,1"",""0,0"",""20,0"",""28,2"",""9,9"""
"2022-07-03,8416,VALÈNCIA,VALENCIA,11,""25,0"",""0,0"",""21,5"",""28,6"",""8,8"""
"2022-07-04,8416,VALÈNCIA,VALENCIA,11,""26,1"",""0,0"",""22,2"",""30,0"",""12,0"""
"2022-07-05,8416,VALÈNCIA,VALENCIA,11,""26,6"",""3,5"",""23,8"",""29,4"",""6,8"""
"2022-07-06,8416,VALÈNCIA,VALENCIA,11,""26,0"",Ip,""22,8"",""29,3"",""6,0"""
"2022-07-07,8416,VALÈNCIA,VALENCIA,11,""25,7"",""0,0"",""21,4"",""30,0"",""13,1"""
"2022-07-08,8416,VALÈNCIA,VALENCIA,11,""26,0"",""0,0"",""21,1"",""30,9"",""13,3"""
"2022-07-09,8416,VALÈNCIA,VALENCIA,11,""27,0"",""0,0"",""22,0"",""32,0"",""13,4"""
"2022-07-10,8416,VALÈNCIA,VALENCIA,11,""26,4"",""0,0"",""22,1"",""30,8"",""13,3"""
"2022-07-11,8416,VALÈNCIA,VALENCIA,11,""27,0"",""0,0"",""22,6"",""31,4"",""13,2"""
"2022-07-12,8416,VALÈNCIA,VALENCIA,11,""27,8"",""0,0"",""22,3"",""33,2"",""13,5"""
"2022-07-13,8416,VALÈNCIA,VALENCIA,11,""28,6"",""0,0"",""23,2"",""34,0"",""13,5"""
"2022-07-14,8416,VALÈNCIA,VALENCIA,11,""27,2"",""0,0"",""23,5"",""30,8"",""13,2"""
"2022-07-15,8416,VALÈNCIA,VALENCIA,11,""27,6"",""0,0"",""22,4"",""32,7"",""13,2"""
"2022-07-16,8416,VALÈNCIA,VALENCIA,11,""29,4"",""0,0"",""23,0"",""35,7"",""13,3"""
"2022-07-17,8416,VALÈNCIA,VALENCIA,11,""28,8"",""0,0"",""23,5"",""34,1"",""13,3"""
"2022-07-18,8416,VALÈNCIA,VALENCIA,11,""27,9"",""0,0"",""23,5"",""32,3"",""13,0"""
"2022-07-19,8416,VALÈNCIA,VALENCIA,11,""27,3"",""0,0"",""23,2"",""31,4"",""12,7"""
"2022-07-20,8416,VALÈNCIA,VALENCIA,11,""27,8"",""0,0"",""24,7"",""31,0"",""12,6"""
"2022-07-21,8416,VALÈNCIA,VALENCIA,11,""27,6"",""0,0"",""24,0"",""31,2"",""12,4"""
"2022-07-22,8416,VALÈNCIA,VALENCIA,11,""28,1"",""0,0"",""24,0"",""32,2"",""12,9"""
"2022-07-23,8416,VALÈNCIA,VALENCIA,11,""27,7"",""0,0"",""24,2"",""31,2"",""12,5"""
"2022-07-24,8416,VALÈNCIA,VALENCIA,11,""27,7"",""0,0"",""24,1"",""31,3"",""12,7"""
"2022-07-25,8416,VALÈNCIA,VALENCIA,11,""28,3"",Ip,""25,1"",""31,5"",""8,0"""
"2022-07-26,8416,VALÈNCIA,VALENCIA,11,""29,0"",""0,0"",""27,0"",""30,9"",""7,8"""
"2022-07-27,8416,VALÈNCIA,VALENCIA,11,""29,2"",""0,0"",""26,8"",""31,5"",""5,9"""
"2022-07-28,8416,VALÈNCIA,VALENCIA,11,""28,8"",""0,0"",""25,8"",""31,8"",""11,0"""
"2022-07-29,8416,VALÈNCIA,VALENCIA,11,""28,8"",""0,0"",""26,2"",""31,5"",""7,2"""
"2022-07-30,8416,VALÈNCIA,VALENCIA,11,""28,7"",""0,0"",""26,2"",""31,2"",""6,1"""
"2022-07-31,8416,VALÈNCIA,VALENCIA,11,""28,9"",""0,0"",""26,0"",""31,8"",""6,9"""
"2022-08-01,8416,VALÈNCIA,VALENCIA,11,""28,5"",""0,0"",""25,2"",""31,8"",""6,0"""
"2022-08-02,8416,VALÈNCIA,VALENCIA,11,""29,2"",""0,0"",""25,0"",""33,5"",""12,2"""
"2022-08-03,8416,VALÈNCIA,VALENCIA,11,""29,0"",""0,0"",""24,7"",""33,2"",""12,7"""
"2022-08-04,8416,VALÈNCIA,VALENCIA,11,""29,0"",""0,0"",""25,3"",""32,6"",""12,3"""
"2022-08-05,8416,VALÈNCIA,VALENCIA,11,""28,1"",""0,0"",""24,2"",""32,0"",""12,7"""
"2022-08-06,8416,VALÈNCIA,VALENCIA,11,""28,6"",""0,0"",""24,8"",""32,5"",""12,5"""
"2022-08-07,8416,VALÈNCIA,VALENCIA,11,""28,5"",""0,0"",""24,5"",""32,5"",""12,6"""
"2022-08-08,8416,VALÈNCIA,VALENCIA,11,""28,5"",""0,0"",""24,8"",""32,2"",""12,6"""
"2022-08-09,8416,VALÈNCIA,VALENCIA,11,""28,6"",""0,0"",""24,8"",""32,5"",""12,4"""
"2022-08-10,8416,VALÈNCIA,VALENCIA,11,""29,0"",""0,0"",""25,5"",""32,6"",""11,3"""
"2022-08-11,8416,VALÈNCIA,VALENCIA,11,""28,4"",""0,0"",""24,2"",""32,5"",""12,0"""
"2022-08-12,8416,VALÈNCIA,VALENCIA,11,""30,2"",""0,0"",""23,8"",""36,5"",""11,8"""
"2022-08-13,8416,VALÈNCIA,VALENCIA,11,""32,8"",""0,7"",""27,5"",""38,0"",""2,8"""
"2022-08-14,8416,VALÈNCIA,VALENCIA,11,""31,6"",""0,0"",""26,1"",""37,0"",""11,6"""
"2022-08-15,8416,VALÈNCIA,VALENCIA,11,""28,4"",""0,0"",""24,2"",""32,6"",""12,2"""
"2022-08-16,8416,VALÈNCIA,VALENCIA,11,""29,2"",""0,0"",""24,8"",""33,5"",""12,3"""
"2022-08-17,8416,VALÈNCIA,VALENCIA,11,""27,6"",""5,6"",""23,1"",""32,2"",""11,4"""
"2022-08-18,8416,VALÈNCIA,VALENCIA,11,""25,6"",""0,0"",""19,6"",""31,5"",""11,1"""
"2022-08-19,8416,VALÈNCIA,VALENCIA,11,""24,9"",""0,0"",""20,8"",""29,0"",""12,5"""
"2022-08-20,8416,VALÈNCIA,VALENCIA,11,""26,1"",""0,0"",""21,6"",""30,6"",""12,4"""
"2022-08-21,8416,VALÈNCIA,VALENCIA,11,""26,7"",""0,0"",""22,0"",""31,4"",""11,5"""
"2022-08-22,8416,VALÈNCIA,VALENCIA,11,""27,1"",""0,0"",""23,0"",""31,2"",""11,6"""
"2022-08-23,8416,VALÈNCIA,VALENCIA,11,""27,3"",""0,0"",""24,0"",""30,6"",""11,3"""
"2022-08-24,8416,VALÈNCIA,VALENCIA,11,""28,4"",""0,3"",""25,3"",""31,5"",""10,0"""
"2022-08-25,8416,VALÈNCIA,VALENCIA,11,""28,8"",""7,2"",""25,5"",""32,2"",""8,2"""
"2022-08-26,8416,VALÈNCIA,VALENCIA,11,""26,1"",""2,6"",""22,0"",""30,2"",""6,6"""
"2022-08-27,8416,VALÈNCIA,VALENCIA,11,""25,4"",""0,0"",""20,7"",""30,0"",""11,5"""
"2022-08-28,8416,VALÈNCIA,VALENCIA,11,""25,8"",""0,0"",""21,4"",""30,3"",""10,9"""
"2022-08-29,8416,VALÈNCIA,VALENCIA,11,""26,9"",""0,0"",""23,5"",""30,3"",""8,7"""
"2022-08-30,8416,VALÈNCIA,VALENCIA,11,""28,2"",""3,0"",""25,0"",""31,5"",""9,2"""
"2022-08-31,8416,VALÈNCIA,VALENCIA,11,""30,2"",""0,0"",""23,4"",""37,0"",""10,8"""
"2022-09-01,8416,VALÈNCIA,VALENCIA,11,""26,8"",""0,0"",""23,3"",""30,2"",""6,5"""
"2022-09-02,8416,VALÈNCIA,VALENCIA,11,""30,1"",""0,0"",""23,6"",""36,6"",""10,5"""
"2022-09-03,8416,VALÈNCIA,VALENCIA,11,""26,1"",""0,0"",""22,0"",""30,2"",""11,7"""
"2022-09-04,8416,VALÈNCIA,VALENCIA,11,""26,3"",""0,0"",""22,2"",""30,4"",""11,6"""
"2022-09-05,8416,VALÈNCIA,VALENCIA,11,""27,2"",""0,0"",""23,3"",""31,2"",""11,1"""
"2022-09-06,8416,VALÈNCIA,VALENCIA,11,""27,6"",""0,0"",""21,8"",""33,3"",""12,2"""
"2022-09-07,8416,VALÈNCIA,VALENCIA,11,""27,7"",""0,0"",""22,1"",""33,3"",""9,3"""
"2022-09-08,8416,VALÈNCIA,VALENCIA,11,""26,2"",""0,0"",""21,4"",""31,0"",""9,6"""
"2022-09-09,8416,VALÈNCIA,VALENCIA,11,""27,1"",""0,0"",""22,5"",""31,7"",""11,0"""
"2022-09-10,8416,VALÈNCIA,VALENCIA,11,""26,6"",""0,0"",""23,0"",""30,3"",""7,5"""
"2022-09-11,8416,VALÈNCIA,VALENCIA,11,""26,4"",""0,0"",""22,6"",""30,2"",""10,8"""
"2022-09-12,8416,VALÈNCIA,VALENCIA,11,""27,6"",""0,2"",""24,6"",""30,5"",""3,4"""
"2022-09-13,8416,VALÈNCIA,VALENCIA,11,""25,4"",""1,8"",""24,5"",""26,4"",""0,0"""
"2022-09-14,8416,VALÈNCIA,VALENCIA,11,""27,2"",""0,0"",""23,4"",""30,9"",""5,1"""
"2022-09-15,8416,VALÈNCIA,VALENCIA,11,""27,4"",""0,0"",""20,5"",""34,2"",""11,3"""
"2022-09-16,8416,VALÈNCIA,VALENCIA,11,""25,6"",""0,0"",""21,8"",""29,4"",""11,0"""
"2022-09-17,8416,VALÈNCIA,VALENCIA,11,""25,0"",""2,5"",""21,8"",""28,2"",""6,8"""
"2022-09-18,8416,VALÈNCIA,VALENCIA,11,""22,8"",""12,4"",""21,3"",""24,4"",""0,2"""
"2022-09-19,8416,VALÈNCIA,VALENCIA,11,""24,5"",""0,0"",""21,0"",""28,0"",""10,3"""
"2022-09-20,8416,VALÈNCIA,VALENCIA,11,""24,4"",""0,0"",""20,2"",""28,6"",""10,8"""
"2022-09-21,8416,VALÈNCIA,VALENCIA,11,""24,0"",""0,0"",""20,6"",""27,5"",""5,0"""
"2022-09-22,8416,VALÈNCIA,VALENCIA,11,""24,0"",""0,2"",""20,5"",""27,6"",""5,5"""
"2022-09-23,8416,VALÈNCIA,VALENCIA,11,""24,2"",""0,0"",""20,4"",""28,0"",""7,2"""
"2022-09-24,8416,VALÈNCIA,VALENCIA,11,""23,6"",Ip,""20,3"",""26,8"",""4,2"""
"2022-09-25,8416,VALÈNCIA,VALENCIA,11,""22,5"",""13,1"",""20,0"",""25,0"",""5,6"""
"2022-09-26,8416,VALÈNCIA,VALENCIA,11,""21,2"",""0,0"",""17,8"",""24,5"",""3,3"""
"2022-09-27,8416,VALÈNCIA,VALENCIA,11,""22,8"",""0,0"",""16,1"",""29,6"",""11,0"""
"2022-09-28,8416,VALÈNCIA,VALENCIA,11,""24,0"",""0,0"",""18,0"",""30,0"",""8,4"""
"2022-09-29,8416,VALÈNCIA,VALENCIA,11,""22,6"",Ip,""18,0"",""27,1"",""5,5"""
"2022-09-30,8416,VALÈNCIA,VALENCIA,11,""21,7"",""0,0"",""16,3"",""27,1"",""10,6"""
"2022-10-01,8416,VALÈNCIA,VALENCIA,11,""20,8"",""0,0"",""14,8"",""26,8"",""10,8"""
"2022-10-02,8416,VALÈNCIA,VALENCIA,11,""20,7"",""0,0"",""15,3"",""26,1"",""10,5"""
"2022-10-03,8416,VALÈNCIA,VALENCIA,11,""21,2"",""0,0"",""17,3"",""25,2"",""3,0"""
"2022-10-04,8416,VALÈNCIA,VALENCIA,11,""23,2"",""0,0"",""18,9"",""27,4"",""7,5"""
"2022-10-05,8416,VALÈNCIA,VALENCIA,11,""21,6"",""0,0"",""19,1"",""24,0"",""4,0"""
"2022-10-06,8416,VALÈNCIA,VALENCIA,11,""21,7"",""7,2"",""19,2"",""24,2"",""2,2"""
"2022-10-07,8416,VALÈNCIA,VALENCIA,11,""21,5"",""0,0"",""18,6"",""24,4"",""3,2"""
"2022-10-08,8416,VALÈNCIA,VALENCIA,11,""21,5"",""3,1"",""17,5"",""25,5"",""7,6"""
"2022-10-09,8416,VALÈNCIA,VALENCIA,11,""21,2"",""0,0"",""18,0"",""24,5"",""4,2"""
"2022-10-10,8416,VALÈNCIA,VALENCIA,11,""21,3"",""14,2"",""17,3"",""25,3"",""4,6"""
"2022-10-11,8416,VALÈNCIA,VALENCIA,11,""19,6"",Ip,""17,5"",""21,6"",""0,0"""
"2022-10-12,8416,VALÈNCIA,VALENCIA,11,""21,0"",""0,0"",""16,9"",""25,1"",""8,3"""
"2022-10-13,8416,VALÈNCIA,VALENCIA,11,""21,5"",""0,0"",""16,0"",""27,0"",""9,0"""
"2022-10-14,8416,VALÈNCIA,VALENCIA,11,""24,0"",""0,0"",""17,4"",""30,5"",""10,2"""
"2022-10-15,8416,VALÈNCIA,VALENCIA,11,""21,2"",""4,5"",""16,4"",""26,1"",""10,0"""
"2022-10-16,8416,VALÈNCIA,VALENCIA,11,""20,6"",""0,0"",""15,7"",""25,6"",""7,2"""
"2022-10-17,8416,VALÈNCIA,VALENCIA,11,""21,9"",""0,0"",""17,2"",""26,6"",""4,8"""
"2022-10-18,8416,VALÈNCIA,VALENCIA,11,""22,6"",""0,3"",""18,8"",""26,4"",""3,4"""
"2022-10-19,8416,VALÈNCIA,VALENCIA,11,""23,0"",""0,2"",""19,2"",""26,8"",""5,8"""
"2022-10-20,8416,VALÈNCIA,VALENCIA,11,""23,0"",Ip,""20,6"",""25,3"",""1,6"""
"2022-10-21,8416,VALÈNCIA,VALENCIA,11,""24,6"",Ip,""20,2"",""29,0"",""4,2"""
"2022-10-22,8416,VALÈNCIA,VALENCIA,11,""22,3"",Ip,""18,2"",""26,4"",""5,0"""
"2022-10-23,8416,VALÈNCIA,VALENCIA,11,""22,3"",""0,0"",""18,8"",""25,8"",""3,1"""
"2022-10-24,8416,VALÈNCIA,VALENCIA,11,""22,8"",""0,0"",""16,4"",""29,1"",""4,7"""
"2022-10-25,8416,VALÈNCIA,VALENCIA,11,""21,8"",""0,0"",""17,0"",""26,5"",""8,5"""
"2022-10-26,8416,VALÈNCIA,VALENCIA,11,""21,7"",""0,0"",""17,5"",""25,9"",""5,0"""
"2022-10-27,8416,VALÈNCIA,VALENCIA,11,""20,8"",""0,0"",""16,1"",""25,5"",""5,8"""
"2022-10-28,8416,VALÈNCIA,VALENCIA,11,""20,8"",""0,0"",""16,4"",""25,2"",""7,1"""
"2022-10-29,8416,VALÈNCIA,VALENCIA,11,""20,7"",""0,0"",""16,6"",""24,8"",""7,2"""
"2022-10-30,8416,VALÈNCIA,VALENCIA,11,""19,9"",""0,0"",""16,7"",""23,1"",""2,8"""
"2022-10-31,8416,VALÈNCIA,VALENCIA,11,""20,5"",""0,0"",""17,2"",""23,8"",""3,2"""
"2022-11-01,8416,VALÈNCIA,VALENCIA,11,""22,7"",""0,0"",""17,2"",""28,2"",""7,8"""
"2022-11-02,8416,VALÈNCIA,VALENCIA,11,""21,2"",""0,0"",""17,6"",""24,9"",""5,0"""
"2022-11-03,8416,VALÈNCIA,VALENCIA,11,""21,4"",Ip,""17,8"",""25,0"",""3,0"""
"2022-11-04,8416,VALÈNCIA,VALENCIA,11,""21,2"",""0,0"",""16,6"",""25,7"",""9,0"""
"2022-11-05,8416,VALÈNCIA,VALENCIA,11,""18,0"",""0,0"",""12,5"",""23,5"",""9,5"""
"2022-11-06,8416,VALÈNCIA,VALENCIA,11,""19,2"",""0,0"",""10,5"",""28,0"",""9,4"""
"2022-11-07,8416,VALÈNCIA,VALENCIA,11,""17,6"",""0,0"",""11,9"",""23,4"",""8,5"""
"2022-11-08,8416,VALÈNCIA,VALENCIA,11,""19,0"",""0,0"",""12,2"",""25,9"",""8,4"""
"2022-11-09,8416,VALÈNCIA,VALENCIA,11,""19,0"",""0,4"",""13,2"",""24,9"",""3,9"""
"2022-11-10,8416,VALÈNCIA,VALENCIA,11,""18,2"",""13,0"",""13,8"",""22,6"",""9,0"""
"2022-11-11,8416,VALÈNCIA,VALENCIA,11,""15,9"",""34,5"",""14,1"",""17,7"",""0,0"""
"2022-11-12,8416,VALÈNCIA,VALENCIA,11,""18,0"",""0,3"",""14,2"",""21,8"",""2,4"""
"2022-11-13,8416,VALÈNCIA,VALENCIA,11,""18,8"",""0,0"",""13,6"",""23,9"",""6,2"""
"2022-11-14,8416,VALÈNCIA,VALENCIA,11,""19,1"",""0,0"",""12,9"",""25,3"",""5,9"""
"2022-11-15,8416,VALÈNCIA,VALENCIA,11,""19,2"",""0,0"",""14,0"",""24,5"",""3,6"""
"2022-11-16,8416,VALÈNCIA,VALENCIA,11,""20,6"",""0,0"",""19,0"",""22,2"",""2,0"""
"2022-11-17,8416,VALÈNCIA,VALENCIA,11,""21,4"",""0,0"",""18,6"",""24,1"",""4,7"""
"2022-11-18,8416,VALÈNCIA,VALENCIA,11,""16,9"",Ip,""15,6"",""18,2"",""0,8"""
"2022-11-19,8416,VALÈNCIA,VALENCIA,11,""13,6"",""0,0"",""9,0"",""18,1"",""7,8"""
"2022-11-20,8416,VALÈNCIA,VALENCIA,11,""16,2"",""0,0"",""9,5"",""22,8"",""8,8"""
"2022-11-21,8416,VALÈNCIA,VALENCIA,11,""16,4"",""0,2"",""11,7"",""21,0"",""1,8"""
"2022-11-22,8416,VALÈNCIA,VALENCIA,11,""15,8"",""0,0"",""11,9"",""19,8"",""5,6"""
"2022-11-23,8416,VALÈNCIA,VALENCIA,11,""17,6"",""0,0"",""11,6"",""23,5"",""5,4"""
"2022-11-24,8416,VALÈNCIA,VALENCIA,11,""19,2"",""0,0"",""14,5"",""24,0"",""7,6"""
"2022-11-25,8416,VALÈNCIA,VALENCIA,11,""20,8"",""0,0"",""18,0"",""23,5"",""5,0"""
"2022-11-26,8416,VALÈNCIA,VALENCIA,11,""15,1"",""0,0"",""9,5"",""20,7"",""8,4"""
"2022-11-27,8416,VALÈNCIA,VALENCIA,11,""13,1"",Ip,""7,7"",""18,5"",""8,4"""
"2022-11-28,8416,VALÈNCIA,VALENCIA,11,""13,6"",""0,0"",""7,6"",""19,5"",""8,6"""
"2022-11-29,8416,VALÈNCIA,VALENCIA,11,""16,0"",""0,0"",""10,5"",""21,5"",""8,7"""
"2022-11-30,8416,VALÈNCIA,VALENCIA,11,""13,0"",""0,0"",""9,4"",""16,5"",""3,8"""
"2022-12-01,8416,VALÈNCIA,VALENCIA,11,""12,5"",""2,1"",""10,2"",""14,8"",""0,0"""
"2022-12-02,8416,VALÈNCIA,VALENCIA,11,""12,9"",""0,0"",""10,3"",""15,5"",""2,0"""
"2022-12-03,8416,VALÈNCIA,VALENCIA,11,""12,0"",""0,0"",""7,6"",""16,3"",""5,2"""
"2022-12-04,8416,VALÈNCIA,VALENCIA,11,""13,2"",Ip,""8,4"",""18,0"",""4,4"""
"2022-12-05,8416,VALÈNCIA,VALENCIA,11,""12,4"",""0,0"",""10,0"",""14,8"",""0,0"""
"2022-12-06,8416,VALÈNCIA,VALENCIA,11,""15,1"",""0,0"",""12,2"",""18,0"",""2,4"""
"2022-12-07,8416,VALÈNCIA,VALENCIA,11,""15,0"",""0,0"",""11,5"",""18,6"",""3,4"""
"2022-12-08,8416,VALÈNCIA,VALENCIA,11,""13,6"",""0,9"",""11,7"",""15,5"",""0,6"""
"2022-12-09,8416,VALÈNCIA,VALENCIA,11,""15,6"",""0,5"",""12,2"",""19,0"",""1,2"""
"2022-12-10,8416,VALÈNCIA,VALENCIA,11,""16,6"",""1,7"",""12,0"",""21,3"",""6,2"""
"2022-12-11,8416,VALÈNCIA,VALENCIA,11,""11,8"",""4,7"",""11,3"",""12,3"",""0,0"""
"2022-12-12,8416,VALÈNCIA,VALENCIA,11,""15,0"",""0,0"",""9,1"",""20,9"",""0,7"""
"2022-12-13,8416,VALÈNCIA,VALENCIA,11,""19,5"",""2,6"",""17,2"",""21,8"",""0,0"""
"2022-12-14,8416,VALÈNCIA,VALENCIA,11,""18,6"",""0,2"",""16,4"",""20,7"",""1,6"""
"2022-12-15,8416,VALÈNCIA,VALENCIA,11,""16,5"",""0,0"",""13,8"",""19,2"",""3,0"""
"2022-12-16,8416,VALÈNCIA,VALENCIA,11,""16,1"",""0,0"",""12,2"",""20,0"",""8,4"""
"2022-12-17,8416,VALÈNCIA,VALENCIA,11,""12,7"",""0,0"",""9,1"",""16,3"",""1,8"""
"2022-12-18,8416,VALÈNCIA,VALENCIA,11,""12,9"",""0,0"",""8,3"",""17,5"",""8,3"""
"2022-12-19,8416,VALÈNCIA,VALENCIA,11,""13,5"",""0,0"",""8,2"",""18,8"",""8,3"""
"2022-12-20,8416,VALÈNCIA,VALENCIA,11,""13,6"",""0,0"",""7,6"",""19,5"",""5,5"""
"2022-12-21,8416,VALÈNCIA,VALENCIA,11,""18,4"",""0,0"",""14,2"",""22,5"",""6,0"""
"2022-12-22,8416,VALÈNCIA,VALENCIA,11,""18,2"",""0,0"",""12,8"",""23,6"",""8,2"""
"2022-12-23,8416,VALÈNCIA,VALENCIA,11,""18,7"",""0,0"",""13,5"",""23,9"",""7,6"""
"2022-12-24,8416,VALÈNCIA,VALENCIA,11,""18,6"",""0,0"",""12,4"",""24,8"",""8,6"""
"2022-12-25,8416,VALÈNCIA,VALENCIA,11,""18,5"",""0,0"",""11,8"",""25,2"",""8,4"""
"2022-12-26,8416,VALÈNCIA,VALENCIA,11,""16,1"",""0,0"",""10,4"",""21,8"",""7,7"""
"2022-12-27,8416,VALÈNCIA,VALENCIA,11,""15,2"",""0,0"",""9,2"",""21,2"",""8,3"""
"2022-12-28,8416,VALÈNCIA,VALENCIA,11,""13,0"",""0,0"",""7,8"",""18,3"",""7,8"""
"2022-12-29,8416,VALÈNCIA,VALENCIA,11,""14,5"",""0,0"",""8,2"",""20,8"",""6,0"""
"2022-12-30,8416,VALÈNCIA,VALENCIA,11,""15,7"",Ip,""11,0"",""20,4"",""1,2"""
"2022-12-31,8416,VALÈNCIA,VALENCIA,11,""16,8"",""0,0"",""9,7"",""23,8"",""7,7"""
